Date,Investment,Transaction Type,Amount,Shares/Unit,Purchase Price,Shares,Type
1/15/2010,RMCVX,Adjustments,0.01,0.001,10,0.001,buy
5/21/2014,FSEVX,ADMINISTRATIVE FEES,-1.69,-0.033,51.21212121,0.033,sell
5/21/2014,FUSVX,ADMINISTRATIVE FEES,-3.49,-0.052,67.11538462,0.052,sell
5/21/2014,ORIYX,ADMINISTRATIVE FEES,-1.93,-0.05,38.6,0.05,sell
5/21/2014,GGOIX,ADMINISTRATIVE FEES,-1.67,-0.055,30.36363636,0.055,sell
5/21/2014,FRESX,ADMINISTRATIVE FEES,-3.76,-0.103,36.50485437,0.103,sell
5/21/2014,FIGRX,ADMINISTRATIVE FEES,-5.04,-0.127,39.68503937,0.127,sell
5/21/2014,FFFFX,ADMINISTRATIVE FEES,-3.41,-0.37,9.216216216,0.37,sell
5/21/2014,FCNTX,ADMINISTRATIVE FEES,-2.85,-0.03,95,0.03,sell
5/21/2014,DODGX,ADMINISTRATIVE FEES,-2.95,-0.018,163.8888889,0.018,sell
5/21/2014,RMCVX,ADMINISTRATIVE FEES,-2.39,-0.224,10.66964286,0.224,sell
5/21/2014,PVADX,ADMINISTRATIVE FEES,-5.1,-0.154,33.11688312,0.154,sell
1/27/2014,FSEVX,ADMINISTRATIVE FEES,-1.69,-0.033,51.21212121,0.033,sell
1/27/2014,FUSVX,ADMINISTRATIVE FEES,-3.31,-0.052,63.65384615,0.052,sell
1/27/2014,ORIYX,ADMINISTRATIVE FEES,-2,-0.053,37.73584906,0.053,sell
1/27/2014,GGOIX,ADMINISTRATIVE FEES,-1.66,-0.057,29.12280702,0.057,sell
1/27/2014,FRESX,ADMINISTRATIVE FEES,-3.37,-0.105,32.0952381,0.105,sell
1/27/2014,FIGRX,ADMINISTRATIVE FEES,-5.01,-0.129,38.8372093,0.129,sell
1/27/2014,FFFFX,ADMINISTRATIVE FEES,-3.32,-0.361,9.1966759,0.361,sell
1/27/2014,FCNTX,ADMINISTRATIVE FEES,-2.83,-0.03,94.33333333,0.03,sell
1/27/2014,DODGX,ADMINISTRATIVE FEES,-2.84,-0.018,157.7777778,0.018,sell
1/27/2014,RMCVX,ADMINISTRATIVE FEES,-2.33,-0.228,10.21929825,0.228,sell
1/27/2014,PVADX,ADMINISTRATIVE FEES,-4.96,-0.157,31.59235669,0.157,sell
11/6/2013,FSEVX,ADMINISTRATIVE FEES,-1.59,-0.031,51.29032258,0.031,sell
11/6/2013,FUSVX,ADMINISTRATIVE FEES,-3.16,-0.05,63.2,0.05,sell
11/6/2013,ORIYX,ADMINISTRATIVE FEES,-1.99,-0.049,40.6122449,0.049,sell
11/6/2013,GGOIX,ADMINISTRATIVE FEES,-1.61,-0.051,31.56862745,0.051,sell
11/6/2013,FRESX,ADMINISTRATIVE FEES,-2.89,-0.086,33.60465116,0.086,sell
11/6/2013,FIGRX,ADMINISTRATIVE FEES,-4.86,-0.123,39.51219512,0.123,sell
11/6/2013,FFFFX,ADMINISTRATIVE FEES,-3.15,-0.334,9.431137725,0.334,sell
11/6/2013,FCNTX,ADMINISTRATIVE FEES,-2.77,-0.028,98.92857143,0.028,sell
11/6/2013,DODGX,ADMINISTRATIVE FEES,-2.73,-0.017,160.5882353,0.017,sell
11/6/2013,RMCVX,ADMINISTRATIVE FEES,-2.15,-0.198,10.85858586,0.198,sell
11/6/2013,PVADX,ADMINISTRATIVE FEES,-4.79,-0.134,35.74626866,0.134,sell
8/2/2013,FSEVX,ADMINISTRATIVE FEES,-4.56,-0.091,50.10989011,0.091,sell
8/2/2013,FUSVX,ADMINISTRATIVE FEES,-9.01,-0.149,60.46979866,0.149,sell
8/2/2013,ORIYX,ADMINISTRATIVE FEES,-5.6,-0.148,37.83783784,0.148,sell
8/2/2013,GGOIX,ADMINISTRATIVE FEES,-4.58,-0.154,29.74025974,0.154,sell
8/2/2013,FRESX,ADMINISTRATIVE FEES,-8.65,-0.256,33.7890625,0.256,sell
8/2/2013,FIGRX,ADMINISTRATIVE FEES,-13.64,-0.366,37.26775956,0.366,sell
8/2/2013,FFFFX,ADMINISTRATIVE FEES,-9.02,-0.992,9.092741935,0.992,sell
8/2/2013,FCNTX,ADMINISTRATIVE FEES,-7.74,-0.084,92.14285714,0.084,sell
8/2/2013,DODGX,ADMINISTRATIVE FEES,-7.72,-0.05,154.4,0.05,sell
8/2/2013,RMCVX,ADMINISTRATIVE FEES,-6.38,-0.59,10.81355932,0.59,sell
8/2/2013,PVADX,ADMINISTRATIVE FEES,-13.66,-0.397,34.40806045,0.397,sell
11/23/2012,FSEVX,ADMINISTRATIVE FEES,-2.37,-0.06,39.5,0.06,sell
11/23/2012,ORIYX,ADMINISTRATIVE FEES,-4.66,-0.154,30.25974026,0.154,sell
11/23/2012,GGOIX,ADMINISTRATIVE FEES,-2.35,-0.092,25.54347826,0.092,sell
11/23/2012,FRESX,ADMINISTRATIVE FEES,-8.2,-0.263,31.17870722,0.263,sell
11/23/2012,FIGRX,ADMINISTRATIVE FEES,-12.18,-0.376,32.39361702,0.376,sell
11/23/2012,FFFFX,ADMINISTRATIVE FEES,-7.91,-0.958,8.256784969,0.958,sell
11/23/2012,NYVTX,ADMINISTRATIVE FEES,-10.86,-0.303,35.84158416,0.303,sell
11/23/2012,RMCVX,ADMINISTRATIVE FEES,-5.48,-0.664,8.253012048,0.664,sell
11/23/2012,PVADX,ADMINISTRATIVE FEES,-11.66,-0.391,29.82097187,0.391,sell
11/23/2012,RBGLX,ADMINISTRATIVE FEES,-12.8,-0.907,14.11245865,0.907,sell
2/2/2012,FSEVX,ADMINISTRATIVE FEES,-0.71,-0.018,39.44444444,0.018,sell
2/2/2012,GGOIX,ADMINISTRATIVE FEES,-0.71,-0.03,23.66666667,0.03,sell
2/2/2012,FCPGX,ADMINISTRATIVE FEES,-1.44,-0.089,16.17977528,0.089,sell
2/2/2012,FRESX,ADMINISTRATIVE FEES,-2.41,-0.081,29.75308642,0.081,sell
2/2/2012,FIGRX,ADMINISTRATIVE FEES,-3.57,-0.12,29.75,0.12,sell
2/2/2012,FFFFX,ADMINISTRATIVE FEES,-2.35,-0.301,7.80730897,0.301,sell
2/2/2012,NYVTX,ADMINISTRATIVE FEES,-3.24,-0.094,34.46808511,0.094,sell
2/2/2012,RMCVX,ADMINISTRATIVE FEES,-1.64,-0.209,7.846889952,0.209,sell
2/2/2012,PVADX,ADMINISTRATIVE FEES,-3.53,-0.12,29.41666667,0.12,sell
2/2/2012,RBGLX,ADMINISTRATIVE FEES,-3.98,-0.287,13.86759582,0.287,sell
11/16/2011,FSEVX,ADMINISTRATIVE FEES,-0.65,-0.018,36.11111111,0.018,sell
11/16/2011,GGOIX,ADMINISTRATIVE FEES,-0.64,-0.027,23.7037037,0.027,sell
11/16/2011,FCPGX,ADMINISTRATIVE FEES,-1.31,-0.087,15.05747126,0.087,sell
11/16/2011,FRESX,ADMINISTRATIVE FEES,-2.13,-0.08,26.625,0.08,sell
11/16/2011,FIGRX,ADMINISTRATIVE FEES,-3.09,-0.109,28.34862385,0.109,sell
11/16/2011,FFFFX,ADMINISTRATIVE FEES,-2.1,-0.276,7.608695652,0.276,sell
11/16/2011,NYVTX,ADMINISTRATIVE FEES,-2.97,-0.091,32.63736264,0.091,sell
11/16/2011,RMCVX,ADMINISTRATIVE FEES,-1.48,-0.204,7.254901961,0.204,sell
11/16/2011,PVADX,ADMINISTRATIVE FEES,-3.2,-0.111,28.82882883,0.111,sell
11/16/2011,RBGLX,ADMINISTRATIVE FEES,-3.62,-0.276,13.11594203,0.276,sell
7/26/2011,FSEVX,ADMINISTRATIVE FEES,-0.67,-0.016,41.875,0.016,sell
7/26/2011,FCPGX,ADMINISTRATIVE FEES,-1.35,-0.078,17.30769231,0.078,sell
7/26/2011,FRESX,ADMINISTRATIVE FEES,-2.37,-0.08,29.625,0.08,sell
7/26/2011,FIGRX,ADMINISTRATIVE FEES,-3.41,-0.099,34.44444444,0.099,sell
7/26/2011,FFFFX,ADMINISTRATIVE FEES,-2.27,-0.268,8.470149254,0.268,sell
7/26/2011,NYVTX,ADMINISTRATIVE FEES,-3.13,-0.088,35.56818182,0.088,sell
7/26/2011,RMCVX,ADMINISTRATIVE FEES,-1.53,-0.184,8.315217391,0.184,sell
7/26/2011,MCMYX,ADMINISTRATIVE FEES,-0.67,-0.025,26.8,0.025,sell
7/26/2011,PVADX,ADMINISTRATIVE FEES,-3.42,-0.111,30.81081081,0.111,sell
7/26/2011,RBGLX,ADMINISTRATIVE FEES,-3.94,-0.274,14.37956204,0.274,sell
5/16/2011,FSEVX,ADMINISTRATIVE FEES,-0.66,-0.016,41.25,0.016,sell
5/16/2011,FCPGX,ADMINISTRATIVE FEES,-1.33,-0.078,17.05128205,0.078,sell
5/16/2011,FRESX,ADMINISTRATIVE FEES,-2.25,-0.079,28.48101266,0.079,sell
5/16/2011,FIGRX,ADMINISTRATIVE FEES,-3.29,-0.098,33.57142857,0.098,sell
5/16/2011,FFFFX,ADMINISTRATIVE FEES,-2.21,-0.265,8.339622642,0.265,sell
5/16/2011,NYVTX,ADMINISTRATIVE FEES,-3.11,-0.086,36.1627907,0.086,sell
5/16/2011,RMCVX,ADMINISTRATIVE FEES,-1.56,-0.184,8.47826087,0.184,sell
5/16/2011,MCMYX,ADMINISTRATIVE FEES,-0.66,-0.025,26.4,0.025,sell
5/16/2011,PVADX,ADMINISTRATIVE FEES,-3.33,-0.109,30.55045872,0.109,sell
5/16/2011,RBGLX,ADMINISTRATIVE FEES,-3.75,-0.27,13.88888889,0.27,sell
3/21/2011,FSEVX,ADMINISTRATIVE FEES,-0.33,-0.009,36.66666667,0.009,sell
3/21/2011,FCPGX,ADMINISTRATIVE FEES,-0.73,-0.044,16.59090909,0.044,sell
3/21/2011,FRESX,ADMINISTRATIVE FEES,-1.14,-0.042,27.14285714,0.042,sell
3/21/2011,FIGRX,ADMINISTRATIVE FEES,-1.66,-0.051,32.54901961,0.051,sell
3/21/2011,FFFFX,ADMINISTRATIVE FEES,-1.11,-0.135,8.222222222,0.135,sell
3/21/2011,NYVTX,ADMINISTRATIVE FEES,-1.55,-0.044,35.22727273,0.044,sell
3/21/2011,RMCVX,ADMINISTRATIVE FEES,-0.79,-0.096,8.229166667,0.096,sell
3/21/2011,MCMYX,ADMINISTRATIVE FEES,-0.23,-0.009,25.55555556,0.009,sell
3/21/2011,PVADX,ADMINISTRATIVE FEES,-1.74,-0.059,29.49152542,0.059,sell
3/21/2011,RBGLX,ADMINISTRATIVE FEES,-1.96,-0.142,13.8028169,0.142,sell
12/21/2010,FCPGX,ADMINISTRATIVE FEES,-1.92,-0.121,15.8677686,0.121,sell
12/21/2010,FRESX,ADMINISTRATIVE FEES,-3.49,-0.139,25.10791367,0.139,sell
12/21/2010,FIGRX,ADMINISTRATIVE FEES,-5.63,-0.171,32.92397661,0.171,sell
12/21/2010,FFFFX,ADMINISTRATIVE FEES,-3.61,-0.446,8.094170404,0.446,sell
12/21/2010,NYVTX,ADMINISTRATIVE FEES,-5.34,-0.157,34.01273885,0.157,sell
12/21/2010,RMCVX,ADMINISTRATIVE FEES,-3.78,-0.478,7.907949791,0.478,sell
12/21/2010,PVADX,ADMINISTRATIVE FEES,-5.5,-0.193,28.49740933,0.193,sell
12/21/2010,RBGLX,ADMINISTRATIVE FEES,-7.24,-0.532,13.60902256,0.532,sell
10/2/2008,FCPGX,Balance Forward,692,62.455,11.07997758,62.455,buy
10/2/2008,FRESX,Balance Forward,806.99,34.92,23.10967927,34.92,buy
10/2/2008,FIGRX,Balance Forward,"1,676.82",58.467,28.67976807,58.467,buy
10/2/2008,FFFFX,Balance Forward,822.15,116.783,7.039980134,116.783,buy
10/2/2008,FBGRX,Balance Forward,"1,992.62",59.731,33.35989687,59.731,buy
10/2/2008,NYVTX,Balance Forward,"1,174.40",38.492,30.51023589,38.492,buy
10/2/2008,RMCVX,Balance Forward,820.65,123.592,6.63999288,123.592,buy
10/2/2008,PVADX,Balance Forward,"2,000.20",76.695,26.07992698,76.695,buy
2/26/2013,FSEVX,CONTRIBUTION,4.07,0.096,42.39583333,0.096,buy
2/26/2013,FUSVX,CONTRIBUTION,6.78,0.127,53.38582677,0.127,buy
2/26/2013,ORIYX,CONTRIBUTION,4.75,0.149,31.87919463,0.149,buy
2/26/2013,GGOIX,CONTRIBUTION,4.07,0.157,25.92356688,0.157,buy
2/26/2013,FRESX,CONTRIBUTION,6.78,0.203,33.39901478,0.203,buy
2/26/2013,FIGRX,CONTRIBUTION,10.18,0.303,33.59735974,0.303,buy
2/26/2013,FFFFX,CONTRIBUTION,6.78,0.799,8.485607009,0.799,buy
2/26/2013,NYVTX,CONTRIBUTION,6.11,0.165,37.03030303,0.165,buy
2/26/2013,RMCVX,CONTRIBUTION,4.74,0.519,9.132947977,0.519,buy
2/26/2013,PVADX,CONTRIBUTION,8.15,0.269,30.29739777,0.269,buy
2/26/2013,RBGLX,CONTRIBUTION,5.43,0.403,13.47394541,0.403,buy
5/15/2012,FSEVX,CONTRIBUTION,37.72,0.994,37.94768612,0.994,buy
5/15/2012,GGOIX,CONTRIBUTION,37.72,1.536,24.55729167,1.536,buy
5/15/2012,FCPGX,CONTRIBUTION,75.44,4.712,16.01018676,4.712,buy
5/15/2012,FRESX,CONTRIBUTION,125.72,4.049,31.04964189,4.049,buy
5/15/2012,FIGRX,CONTRIBUTION,188.6,6.618,28.49803566,6.618,buy
5/15/2012,FFFFX,CONTRIBUTION,125.73,16.329,7.699797906,16.329,buy
5/15/2012,NYVTX,CONTRIBUTION,176.02,5.118,34.39234076,5.118,buy
5/15/2012,RMCVX,CONTRIBUTION,88.01,11.386,7.729668013,11.386,buy
5/15/2012,PVADX,CONTRIBUTION,188.6,6.705,28.12826249,6.705,buy
5/15/2012,RBGLX,CONTRIBUTION,213.74,15.489,13.79947059,15.489,buy
4/30/2012,FSEVX,CONTRIBUTION,23.37,0.587,39.81260647,0.587,buy
4/30/2012,GGOIX,CONTRIBUTION,23.37,0.911,25.65312843,0.911,buy
4/30/2012,FCPGX,CONTRIBUTION,46.75,2.806,16.66072701,2.806,buy
4/30/2012,FRESX,CONTRIBUTION,77.92,2.463,31.636216,2.463,buy
4/30/2012,FIGRX,CONTRIBUTION,116.88,3.791,30.83091533,3.791,buy
4/30/2012,FFFFX,CONTRIBUTION,77.92,9.608,8.10990841,9.608,buy
4/30/2012,NYVTX,CONTRIBUTION,109.08,3.03,36,3.03,buy
4/30/2012,RMCVX,CONTRIBUTION,54.55,6.685,8.160059835,6.685,buy
4/30/2012,PVADX,CONTRIBUTION,116.87,3.924,29.7833843,3.924,buy
4/30/2012,RBGLX,CONTRIBUTION,132.46,9.079,14.58971252,9.079,buy
4/13/2012,FSEVX,CONTRIBUTION,23.37,0.602,38.82059801,0.602,buy
4/13/2012,GGOIX,CONTRIBUTION,23.37,0.928,25.18318966,0.928,buy
4/13/2012,FCPGX,CONTRIBUTION,46.75,2.876,16.25521558,2.876,buy
4/13/2012,FRESX,CONTRIBUTION,77.92,2.594,30.0385505,2.594,buy
4/13/2012,FIGRX,CONTRIBUTION,116.88,3.887,30.06946231,3.887,buy
4/13/2012,FFFFX,CONTRIBUTION,77.92,9.764,7.980335928,9.764,buy
4/13/2012,NYVTX,CONTRIBUTION,109.08,3.094,35.2553329,3.094,buy
4/13/2012,RMCVX,CONTRIBUTION,54.55,6.828,7.989162273,6.828,buy
4/13/2012,PVADX,CONTRIBUTION,116.87,4.06,28.78571429,4.06,buy
4/13/2012,RBGLX,CONTRIBUTION,132.46,9.185,14.42133914,9.185,buy
3/30/2012,FSEVX,CONTRIBUTION,23.37,0.576,40.57291667,0.576,buy
3/30/2012,GGOIX,CONTRIBUTION,23.37,0.904,25.85176991,0.904,buy
3/30/2012,FCPGX,CONTRIBUTION,46.75,2.791,16.75026872,2.791,buy
3/30/2012,FRESX,CONTRIBUTION,77.92,2.529,30.81059707,2.529,buy
3/30/2012,FIGRX,CONTRIBUTION,116.88,3.775,30.9615894,3.775,buy
3/30/2012,FFFFX,CONTRIBUTION,77.92,9.561,8.149775128,9.561,buy
3/30/2012,NYVTX,CONTRIBUTION,109.08,3.008,36.26329787,3.008,buy
3/30/2012,RMCVX,CONTRIBUTION,54.55,6.644,8.210415412,6.644,buy
3/30/2012,PVADX,CONTRIBUTION,116.87,3.936,29.6925813,3.936,buy
3/30/2012,RBGLX,CONTRIBUTION,132.46,8.986,14.74070777,8.986,buy
3/15/2012,FSEVX,CONTRIBUTION,23.37,0.576,40.57291667,0.576,buy
3/15/2012,GGOIX,CONTRIBUTION,23.37,0.91,25.68131868,0.91,buy
3/15/2012,FCPGX,CONTRIBUTION,46.75,2.778,16.82865371,2.778,buy
3/15/2012,FRESX,CONTRIBUTION,77.92,2.584,30.15479876,2.584,buy
3/15/2012,FIGRX,CONTRIBUTION,116.88,3.768,31.01910828,3.768,buy
3/15/2012,FFFFX,CONTRIBUTION,77.92,9.549,8.160016756,9.549,buy
3/15/2012,NYVTX,CONTRIBUTION,109.08,3.001,36.34788404,3.001,buy
3/15/2012,RMCVX,CONTRIBUTION,54.55,6.596,8.270163736,6.596,buy
3/15/2012,PVADX,CONTRIBUTION,116.87,3.9,29.96666667,3.9,buy
3/15/2012,RBGLX,CONTRIBUTION,132.46,9.036,14.65914121,9.036,buy
2/29/2012,FSEVX,CONTRIBUTION,23.37,0.589,39.67741935,0.589,buy
2/29/2012,GGOIX,CONTRIBUTION,23.37,0.932,25.0751073,0.932,buy
2/29/2012,FCPGX,CONTRIBUTION,46.75,2.836,16.48448519,2.836,buy
2/29/2012,FRESX,CONTRIBUTION,77.92,2.665,29.23827392,2.665,buy
2/29/2012,FIGRX,CONTRIBUTION,116.88,3.818,30.61288633,3.818,buy
2/29/2012,FFFFX,CONTRIBUTION,77.92,9.679,8.050418432,9.679,buy
2/29/2012,NYVTX,CONTRIBUTION,109.08,3.076,35.46163849,3.076,buy
2/29/2012,RMCVX,CONTRIBUTION,54.55,6.727,8.109112532,6.727,buy
2/29/2012,PVADX,CONTRIBUTION,116.87,3.931,29.73034851,3.931,buy
2/29/2012,RBGLX,CONTRIBUTION,132.46,9.185,14.42133914,9.185,buy
2/15/2012,FSEVX,CONTRIBUTION,15.12,0.383,39.47780679,0.383,buy
2/15/2012,GGOIX,CONTRIBUTION,15.12,0.61,24.78688525,0.61,buy
2/15/2012,FCPGX,CONTRIBUTION,30.25,1.837,16.46706587,1.837,buy
2/15/2012,FRESX,CONTRIBUTION,50.42,1.71,29.48538012,1.71,buy
2/15/2012,FIGRX,CONTRIBUTION,75.63,2.508,30.15550239,2.508,buy
2/15/2012,FFFFX,CONTRIBUTION,50.42,6.366,7.920201068,6.366,buy
2/15/2012,NYVTX,CONTRIBUTION,70.58,2.023,34.88877904,2.023,buy
2/15/2012,RMCVX,CONTRIBUTION,35.3,4.413,7.999093587,4.413,buy
2/15/2012,PVADX,CONTRIBUTION,75.62,2.557,29.5737192,2.557,buy
2/15/2012,RBGLX,CONTRIBUTION,85.71,6.062,14.13889805,6.062,buy
2/10/2012,FSEVX,CONTRIBUTION,13.2,0.335,39.40298507,0.335,buy
2/10/2012,GGOIX,CONTRIBUTION,13.2,0.538,24.53531599,0.538,buy
2/10/2012,FCPGX,CONTRIBUTION,26.4,1.615,16.34674923,1.615,buy
2/10/2012,FRESX,CONTRIBUTION,44,1.485,29.62962963,1.485,buy
2/10/2012,FIGRX,CONTRIBUTION,66,2.217,29.7699594,2.217,buy
2/10/2012,FFFFX,CONTRIBUTION,44,5.577,7.889546351,5.577,buy
2/10/2012,NYVTX,CONTRIBUTION,61.6,1.767,34.86134692,1.767,buy
2/10/2012,RMCVX,CONTRIBUTION,30.8,3.855,7.989623865,3.855,buy
2/10/2012,PVADX,CONTRIBUTION,66,2.238,29.49061662,2.238,buy
2/10/2012,RBGLX,CONTRIBUTION,74.8,5.297,14.12120068,5.297,buy
1/31/2012,FSEVX,CONTRIBUTION,11.2,0.293,38.22525597,0.293,buy
1/31/2012,GGOIX,CONTRIBUTION,11.2,0.473,23.67864693,0.473,buy
1/31/2012,FCPGX,CONTRIBUTION,22.39,1.419,15.77871741,1.419,buy
1/31/2012,FRESX,CONTRIBUTION,37.33,1.267,29.46329913,1.267,buy
1/31/2012,FIGRX,CONTRIBUTION,55.98,1.926,29.06542056,1.926,buy
1/31/2012,FFFFX,CONTRIBUTION,37.33,4.842,7.709624122,4.842,buy
1/31/2012,NYVTX,CONTRIBUTION,52.25,1.533,34.08349641,1.533,buy
1/31/2012,RMCVX,CONTRIBUTION,26.13,3.402,7.680776014,3.402,buy
1/31/2012,PVADX,CONTRIBUTION,55.99,1.934,28.95036194,1.934,buy
1/31/2012,RBGLX,CONTRIBUTION,63.45,4.618,13.73971416,4.618,buy
1/20/2012,FSEVX,CONTRIBUTION,3.3,0.088,37.5,0.088,buy
1/20/2012,GGOIX,CONTRIBUTION,3.3,0.141,23.40425532,0.141,buy
1/20/2012,FCPGX,CONTRIBUTION,6.6,0.422,15.63981043,0.422,buy
1/20/2012,FRESX,CONTRIBUTION,11,0.383,28.72062663,0.383,buy
1/20/2012,FIGRX,CONTRIBUTION,16.5,0.573,28.79581152,0.573,buy
1/20/2012,FFFFX,CONTRIBUTION,11,1.436,7.660167131,1.436,buy
1/20/2012,NYVTX,CONTRIBUTION,15.4,0.449,34.29844098,0.449,buy
1/20/2012,RMCVX,CONTRIBUTION,7.7,1.007,7.646474677,1.007,buy
1/20/2012,PVADX,CONTRIBUTION,16.5,0.573,28.79581152,0.573,buy
1/20/2012,RBGLX,CONTRIBUTION,18.7,1.376,13.59011628,1.376,buy
1/13/2012,FSEVX,CONTRIBUTION,9.16,0.249,36.78714859,0.249,buy
1/13/2012,GGOIX,CONTRIBUTION,9.16,0.402,22.78606965,0.402,buy
1/13/2012,FCPGX,CONTRIBUTION,18.32,1.203,15.22859518,1.203,buy
1/13/2012,FRESX,CONTRIBUTION,30.54,1.099,27.788899,1.099,buy
1/13/2012,FIGRX,CONTRIBUTION,45.81,1.651,27.74682011,1.651,buy
1/13/2012,FFFFX,CONTRIBUTION,30.54,4.067,7.509220556,4.067,buy
1/13/2012,NYVTX,CONTRIBUTION,42.75,1.276,33.5031348,1.276,buy
1/13/2012,RMCVX,CONTRIBUTION,21.38,2.839,7.530820712,2.839,buy
1/13/2012,PVADX,CONTRIBUTION,45.81,1.622,28.24290999,1.622,buy
1/13/2012,RBGLX,CONTRIBUTION,51.92,3.901,13.30940784,3.901,buy
12/30/2011,FSEVX,CONTRIBUTION,9.16,0.258,35.50387597,0.258,buy
12/30/2011,GGOIX,CONTRIBUTION,9.16,0.415,22.07228916,0.415,buy
12/30/2011,FCPGX,CONTRIBUTION,18.32,1.229,14.90642799,1.229,buy
12/30/2011,FRESX,CONTRIBUTION,30.54,1.106,27.61301989,1.106,buy
12/30/2011,FIGRX,CONTRIBUTION,45.81,1.659,27.61301989,1.659,buy
12/30/2011,FFFFX,CONTRIBUTION,30.54,4.149,7.360809834,4.149,buy
12/30/2011,NYVTX,CONTRIBUTION,42.75,1.315,32.5095057,1.315,buy
12/30/2011,RMCVX,CONTRIBUTION,21.38,2.953,7.240094819,2.953,buy
12/30/2011,PVADX,CONTRIBUTION,45.81,1.65,27.76363636,1.65,buy
12/30/2011,RBGLX,CONTRIBUTION,51.92,4.019,12.91863648,4.019,buy
12/15/2011,FSEVX,CONTRIBUTION,9.16,0.262,34.96183206,0.262,buy
12/15/2011,GGOIX,CONTRIBUTION,9.16,0.43,21.30232558,0.43,buy
12/15/2011,FCPGX,CONTRIBUTION,18.32,1.273,14.39120189,1.273,buy
12/15/2011,FRESX,CONTRIBUTION,30.54,1.155,26.44155844,1.155,buy
12/15/2011,FIGRX,CONTRIBUTION,45.81,1.713,26.74255692,1.713,buy
12/15/2011,FFFFX,CONTRIBUTION,30.54,4.133,7.389305589,4.133,buy
12/15/2011,NYVTX,CONTRIBUTION,42.75,1.355,31.5498155,1.355,buy
12/15/2011,RMCVX,CONTRIBUTION,21.38,3.054,7.000654879,3.054,buy
12/15/2011,PVADX,CONTRIBUTION,45.81,1.692,27.07446809,1.692,buy
12/15/2011,RBGLX,CONTRIBUTION,51.92,4.144,12.52895753,4.144,buy
11/30/2011,FSEVX,CONTRIBUTION,9.16,0.253,36.2055336,0.253,buy
11/30/2011,GGOIX,CONTRIBUTION,9.16,0.389,23.54755784,0.389,buy
11/30/2011,FCPGX,CONTRIBUTION,18.32,1.233,14.85806975,1.233,buy
11/30/2011,FRESX,CONTRIBUTION,30.54,1.148,26.60278746,1.148,buy
11/30/2011,FIGRX,CONTRIBUTION,45.81,1.6,28.63125,1.6,buy
11/30/2011,FFFFX,CONTRIBUTION,30.54,4.008,7.619760479,4.008,buy
11/30/2011,NYVTX,CONTRIBUTION,42.75,1.31,32.63358779,1.31,buy
11/30/2011,RMCVX,CONTRIBUTION,21.38,2.929,7.299419597,2.929,buy
11/30/2011,PVADX,CONTRIBUTION,45.81,1.58,28.99367089,1.58,buy
11/30/2011,RBGLX,CONTRIBUTION,51.92,3.954,13.13100658,3.954,buy
11/15/2011,FSEVX,CONTRIBUTION,9.16,0.251,36.4940239,0.251,buy
11/15/2011,GGOIX,CONTRIBUTION,9.16,0.389,23.54755784,0.389,buy
11/15/2011,FCPGX,CONTRIBUTION,18.32,1.192,15.36912752,1.192,buy
11/15/2011,FRESX,CONTRIBUTION,30.54,1.134,26.93121693,1.134,buy
11/15/2011,FIGRX,CONTRIBUTION,45.81,1.589,28.82945249,1.589,buy
11/15/2011,FFFFX,CONTRIBUTION,30.54,3.971,7.690757995,3.971,buy
11/15/2011,NYVTX,CONTRIBUTION,42.75,1.296,32.98611111,1.296,buy
11/15/2011,RMCVX,CONTRIBUTION,21.38,2.917,7.329448063,2.917,buy
11/15/2011,PVADX,CONTRIBUTION,45.81,1.575,29.08571429,1.575,buy
11/15/2011,RBGLX,CONTRIBUTION,51.92,3.898,13.3196511,3.898,buy
10/31/2011,FSEVX,CONTRIBUTION,9.16,0.251,36.4940239,0.251,buy
10/31/2011,GGOIX,CONTRIBUTION,9.16,0.391,23.42710997,0.391,buy
10/31/2011,FCPGX,CONTRIBUTION,18.32,1.191,15.38203191,1.191,buy
10/31/2011,FRESX,CONTRIBUTION,30.54,1.108,27.5631769,1.108,buy
10/31/2011,FIGRX,CONTRIBUTION,45.81,1.543,29.68891769,1.543,buy
10/31/2011,FFFFX,CONTRIBUTION,30.54,3.946,7.739483021,3.946,buy
10/31/2011,NYVTX,CONTRIBUTION,42.75,1.307,32.70849273,1.307,buy
10/31/2011,RMCVX,CONTRIBUTION,21.38,2.921,7.319411161,2.921,buy
10/31/2011,PVADX,CONTRIBUTION,45.81,1.581,28.97533207,1.581,buy
10/31/2011,RBGLX,CONTRIBUTION,51.92,3.927,13.22128852,3.927,buy
10/14/2011,FSEVX,CONTRIBUTION,9.16,0.261,35.09578544,0.261,buy
10/14/2011,GGOIX,CONTRIBUTION,9.16,0.405,22.61728395,0.405,buy
10/14/2011,FCPGX,CONTRIBUTION,18.32,1.235,14.8340081,1.235,buy
10/14/2011,FRESX,CONTRIBUTION,30.54,1.218,25.07389163,1.218,buy
10/14/2011,FIGRX,CONTRIBUTION,45.81,1.57,29.17834395,1.57,buy
10/14/2011,FFFFX,CONTRIBUTION,30.54,4.029,7.580044676,4.029,buy
10/14/2011,NYVTX,CONTRIBUTION,42.75,1.355,31.5498155,1.355,buy
10/14/2011,RMCVX,CONTRIBUTION,21.38,3.033,7.049126278,3.033,buy
10/14/2011,PVADX,CONTRIBUTION,45.81,1.638,27.96703297,1.638,buy
10/14/2011,RBGLX,CONTRIBUTION,51.92,4.015,12.93150685,4.015,buy
9/30/2011,FSEVX,CONTRIBUTION,9.16,0.286,32.02797203,0.286,buy
9/30/2011,GGOIX,CONTRIBUTION,9.16,0.447,20.49217002,0.447,buy
9/30/2011,FCPGX,CONTRIBUTION,18.32,1.383,13.24656544,1.383,buy
9/30/2011,FRESX,CONTRIBUTION,30.54,1.278,23.89671362,1.278,buy
9/30/2011,FIGRX,CONTRIBUTION,45.81,1.693,27.05847608,1.693,buy
9/30/2011,FFFFX,CONTRIBUTION,30.54,4.314,7.079276773,4.314,buy
9/30/2011,NYVTX,CONTRIBUTION,42.75,1.452,29.44214876,1.452,buy
9/30/2011,RMCVX,CONTRIBUTION,21.38,3.299,6.480751743,3.299,buy
9/30/2011,PVADX,CONTRIBUTION,45.81,1.777,25.77940349,1.777,buy
9/30/2011,RBGLX,CONTRIBUTION,51.92,4.453,11.65955536,4.453,buy
9/15/2011,FSEVX,CONTRIBUTION,9.16,0.258,35.50387597,0.258,buy
9/15/2011,GGOIX,CONTRIBUTION,9.16,0.404,22.67326733,0.404,buy
9/15/2011,FCPGX,CONTRIBUTION,18.32,1.249,14.66773419,1.249,buy
9/15/2011,FRESX,CONTRIBUTION,30.54,1.152,26.51041667,1.152,buy
9/15/2011,FIGRX,CONTRIBUTION,45.81,1.572,29.14122137,1.572,buy
9/15/2011,FFFFX,CONTRIBUTION,30.54,4.008,7.619760479,4.008,buy
9/15/2011,NYVTX,CONTRIBUTION,42.75,1.342,31.85543964,1.342,buy
9/15/2011,RMCVX,CONTRIBUTION,21.38,2.982,7.169684775,2.982,buy
9/15/2011,PVADX,CONTRIBUTION,45.81,1.622,28.24290999,1.622,buy
9/15/2011,RBGLX,CONTRIBUTION,51.92,4.044,12.83877349,4.044,buy
8/31/2011,FSEVX,CONTRIBUTION,9.16,0.255,35.92156863,0.255,buy
8/31/2011,FCPGX,CONTRIBUTION,18.32,1.205,15.2033195,1.205,buy
8/31/2011,FRESX,CONTRIBUTION,30.54,1.132,26.97879859,1.132,buy
8/31/2011,FIGRX,CONTRIBUTION,45.81,1.485,30.84848485,1.485,buy
8/31/2011,FFFFX,CONTRIBUTION,30.54,3.931,7.769015518,3.931,buy
8/31/2011,NYVTX,CONTRIBUTION,42.75,1.32,32.38636364,1.32,buy
8/31/2011,RMCVX,CONTRIBUTION,21.38,2.937,7.279536942,2.937,buy
8/31/2011,MCMYX,CONTRIBUTION,9.16,0.382,23.97905759,0.382,buy
8/31/2011,PVADX,CONTRIBUTION,45.81,1.601,28.61336665,1.601,buy
8/31/2011,RBGLX,CONTRIBUTION,51.92,4.009,12.95086056,4.009,buy
8/15/2011,FSEVX,CONTRIBUTION,9.16,0.257,35.64202335,0.257,buy
8/15/2011,FCPGX,CONTRIBUTION,18.32,1.205,15.2033195,1.205,buy
8/15/2011,FRESX,CONTRIBUTION,30.54,1.14,26.78947368,1.14,buy
8/15/2011,FIGRX,CONTRIBUTION,45.81,1.483,30.89008766,1.483,buy
8/15/2011,FFFFX,CONTRIBUTION,30.54,3.956,7.71991911,3.956,buy
8/15/2011,NYVTX,CONTRIBUTION,42.75,1.332,32.09459459,1.332,buy
8/15/2011,RMCVX,CONTRIBUTION,21.38,2.933,7.289464712,2.933,buy
8/15/2011,MCMYX,CONTRIBUTION,9.16,0.387,23.66925065,0.387,buy
8/15/2011,PVADX,CONTRIBUTION,45.81,1.631,28.08706315,1.631,buy
8/15/2011,RBGLX,CONTRIBUTION,51.92,4.034,12.8705999,4.034,buy
7/29/2011,FSEVX,CONTRIBUTION,9.16,0.235,38.9787234,0.235,buy
7/29/2011,FCPGX,CONTRIBUTION,18.32,1.1,16.65454545,1.1,buy
7/29/2011,FRESX,CONTRIBUTION,30.54,1.062,28.75706215,1.062,buy
7/29/2011,FIGRX,CONTRIBUTION,45.81,1.361,33.65907421,1.361,buy
7/29/2011,FFFFX,CONTRIBUTION,30.54,3.702,8.249594814,3.702,buy
7/29/2011,NYVTX,CONTRIBUTION,42.75,1.237,34.55941795,1.237,buy
7/29/2011,RMCVX,CONTRIBUTION,21.38,2.666,8.019504876,2.666,buy
7/29/2011,MCMYX,CONTRIBUTION,9.16,0.359,25.51532033,0.359,buy
7/29/2011,PVADX,CONTRIBUTION,45.81,1.527,30,1.527,buy
7/29/2011,RBGLX,CONTRIBUTION,51.92,3.735,13.90093708,3.735,buy
7/15/2011,FSEVX,CONTRIBUTION,9.16,0.227,40.35242291,0.227,buy
7/15/2011,FCPGX,CONTRIBUTION,18.32,1.066,17.18574109,1.066,buy
7/15/2011,FRESX,CONTRIBUTION,30.54,1.057,28.89309366,1.057,buy
7/15/2011,FIGRX,CONTRIBUTION,45.81,1.375,33.31636364,1.375,buy
7/15/2011,FFFFX,CONTRIBUTION,30.54,3.671,8.319259057,3.671,buy
7/15/2011,NYVTX,CONTRIBUTION,42.75,1.225,34.89795918,1.225,buy
7/15/2011,RMCVX,CONTRIBUTION,21.38,2.588,8.261205564,2.588,buy
7/15/2011,MCMYX,CONTRIBUTION,9.16,0.345,26.55072464,0.345,buy
7/15/2011,PVADX,CONTRIBUTION,45.81,1.483,30.89008766,1.483,buy
7/15/2011,RBGLX,CONTRIBUTION,51.92,3.661,14.18191751,3.661,buy
6/30/2011,FSEVX,CONTRIBUTION,9.16,0.227,40.35242291,0.227,buy
6/30/2011,FCPGX,CONTRIBUTION,18.32,1.072,17.08955224,1.072,buy
6/30/2011,FRESX,CONTRIBUTION,30.54,1.081,28.25161887,1.081,buy
6/30/2011,FIGRX,CONTRIBUTION,45.81,1.353,33.85809313,1.353,buy
6/30/2011,FFFFX,CONTRIBUTION,30.54,3.666,8.330605565,3.666,buy
6/30/2011,NYVTX,CONTRIBUTION,42.75,1.215,35.18518519,1.215,buy
6/30/2011,RMCVX,CONTRIBUTION,21.38,2.542,8.410700236,2.542,buy
6/30/2011,MCMYX,CONTRIBUTION,9.16,0.344,26.62790698,0.344,buy
6/30/2011,PVADX,CONTRIBUTION,45.81,1.495,30.64214047,1.495,buy
6/30/2011,RBGLX,CONTRIBUTION,51.92,3.695,14.05142084,3.695,buy
6/15/2011,FSEVX,CONTRIBUTION,9.16,0.239,38.32635983,0.239,buy
6/15/2011,FCPGX,CONTRIBUTION,18.32,1.131,16.19805482,1.131,buy
6/15/2011,FRESX,CONTRIBUTION,30.54,1.127,27.09849157,1.127,buy
6/15/2011,FIGRX,CONTRIBUTION,45.81,1.405,32.60498221,1.405,buy
6/15/2011,FFFFX,CONTRIBUTION,30.54,3.775,8.090066225,3.775,buy
6/15/2011,NYVTX,CONTRIBUTION,42.75,1.26,33.92857143,1.26,buy
6/15/2011,RMCVX,CONTRIBUTION,21.38,2.656,8.049698795,2.656,buy
6/15/2011,MCMYX,CONTRIBUTION,9.16,0.366,25.0273224,0.366,buy
6/15/2011,PVADX,CONTRIBUTION,45.81,1.574,29.10419314,1.574,buy
6/15/2011,RBGLX,CONTRIBUTION,51.92,3.892,13.34018499,3.892,buy
5/31/2011,FSEVX,CONTRIBUTION,9.16,0.222,41.26126126,0.222,buy
5/31/2011,FCPGX,CONTRIBUTION,18.32,1.049,17.46425167,1.049,buy
5/31/2011,FRESX,CONTRIBUTION,30.54,1.045,29.22488038,1.045,buy
5/31/2011,FIGRX,CONTRIBUTION,45.81,1.33,34.44360902,1.33,buy
5/31/2011,FFFFX,CONTRIBUTION,30.54,3.593,8.499860841,3.593,buy
5/31/2011,NYVTX,CONTRIBUTION,42.75,1.173,36.44501279,1.173,buy
5/31/2011,RMCVX,CONTRIBUTION,21.38,2.477,8.631408962,2.477,buy
5/31/2011,MCMYX,CONTRIBUTION,9.16,0.341,26.86217009,0.341,buy
5/31/2011,PVADX,CONTRIBUTION,45.81,1.476,31.03658537,1.476,buy
5/31/2011,RBGLX,CONTRIBUTION,51.92,3.659,14.18966931,3.659,buy
5/13/2011,FSEVX,CONTRIBUTION,9.16,0.225,40.71111111,0.225,buy
5/13/2011,FCPGX,CONTRIBUTION,18.32,1.06,17.28301887,1.06,buy
5/13/2011,FRESX,CONTRIBUTION,30.54,1.083,28.19944598,1.083,buy
5/13/2011,FIGRX,CONTRIBUTION,45.81,1.357,33.75829035,1.357,buy
5/13/2011,FFFFX,CONTRIBUTION,30.54,3.644,8.38090011,3.644,buy
5/13/2011,NYVTX,CONTRIBUTION,42.75,1.19,35.92436975,1.19,buy
5/13/2011,RMCVX,CONTRIBUTION,21.38,2.501,8.548580568,2.501,buy
5/13/2011,MCMYX,CONTRIBUTION,9.16,0.343,26.70553936,0.343,buy
5/13/2011,PVADX,CONTRIBUTION,45.81,1.498,30.58077437,1.498,buy
5/13/2011,RBGLX,CONTRIBUTION,51.92,3.709,13.99838231,3.709,buy
4/29/2011,FSEVX,CONTRIBUTION,6.11,0.146,41.84931507,0.146,buy
4/29/2011,FCPGX,CONTRIBUTION,18.33,1.027,17.84810127,1.027,buy
4/29/2011,FRESX,CONTRIBUTION,30.54,1.06,28.81132075,1.06,buy
4/29/2011,FIGRX,CONTRIBUTION,45.81,1.279,35.81704457,1.279,buy
4/29/2011,FFFFX,CONTRIBUTION,30.53,3.505,8.710413695,3.505,buy
4/29/2011,NYVTX,CONTRIBUTION,42.75,1.159,36.8852459,1.159,buy
4/29/2011,RMCVX,CONTRIBUTION,21.38,2.463,8.68047097,2.463,buy
4/29/2011,MCMYX,CONTRIBUTION,9.16,0.339,27.02064897,0.339,buy
4/29/2011,PVADX,CONTRIBUTION,45.81,1.449,31.61490683,1.449,buy
4/29/2011,RBGLX,CONTRIBUTION,54.97,3.833,14.34124706,3.833,buy
4/15/2011,FSEVX,CONTRIBUTION,6.11,0.151,40.46357616,0.151,buy
4/15/2011,FCPGX,CONTRIBUTION,18.33,1.08,16.97222222,1.08,buy
4/15/2011,FRESX,CONTRIBUTION,30.54,1.111,27.48874887,1.111,buy
4/15/2011,FIGRX,CONTRIBUTION,45.81,1.342,34.13561848,1.342,buy
4/15/2011,FFFFX,CONTRIBUTION,30.53,3.617,8.44069671,3.617,buy
4/15/2011,NYVTX,CONTRIBUTION,42.75,1.186,36.0455312,1.186,buy
4/15/2011,RMCVX,CONTRIBUTION,21.38,2.542,8.410700236,2.542,buy
4/15/2011,MCMYX,CONTRIBUTION,9.16,0.349,26.24641834,0.349,buy
4/15/2011,PVADX,CONTRIBUTION,45.81,1.49,30.74496644,1.49,buy
4/15/2011,RBGLX,CONTRIBUTION,54.97,3.975,13.82893082,3.975,buy
3/31/2011,FSEVX,CONTRIBUTION,6.11,0.148,41.28378378,0.148,buy
3/31/2011,FCPGX,CONTRIBUTION,18.33,1.083,16.92520776,1.083,buy
3/31/2011,FRESX,CONTRIBUTION,30.54,1.117,27.34109221,1.117,buy
3/31/2011,FIGRX,CONTRIBUTION,45.81,1.363,33.60968452,1.363,buy
3/31/2011,FFFFX,CONTRIBUTION,30.53,3.63,8.41046832,3.63,buy
3/31/2011,NYVTX,CONTRIBUTION,42.75,1.19,35.92436975,1.19,buy
3/31/2011,RMCVX,CONTRIBUTION,21.38,2.524,8.470681458,2.524,buy
3/31/2011,MCMYX,CONTRIBUTION,9.16,0.35,26.17142857,0.35,buy
3/31/2011,PVADX,CONTRIBUTION,45.81,1.482,30.91093117,1.482,buy
3/31/2011,RBGLX,CONTRIBUTION,54.97,3.901,14.09125865,3.901,buy
3/15/2011,FSEVX,CONTRIBUTION,6.11,0.157,38.91719745,0.157,buy
3/15/2011,FCPGX,CONTRIBUTION,18.33,1.151,15.92528236,1.151,buy
3/15/2011,FRESX,CONTRIBUTION,30.54,1.157,26.39585134,1.157,buy
3/15/2011,FIGRX,CONTRIBUTION,45.81,1.436,31.90111421,1.436,buy
3/15/2011,FFFFX,CONTRIBUTION,30.53,3.778,8.080995236,3.778,buy
3/15/2011,NYVTX,CONTRIBUTION,42.75,1.239,34.50363196,1.239,buy
3/15/2011,RMCVX,CONTRIBUTION,21.38,2.663,8.028539241,2.663,buy
3/15/2011,MCMYX,CONTRIBUTION,9.16,0.368,24.89130435,0.368,buy
3/15/2011,PVADX,CONTRIBUTION,45.81,1.559,29.38422065,1.559,buy
3/15/2011,RBGLX,CONTRIBUTION,54.97,4.036,13.61992071,4.036,buy
2/28/2011,FSEVX,CONTRIBUTION,6.11,0.151,40.46357616,0.151,buy
2/28/2011,FCPGX,CONTRIBUTION,18.33,1.121,16.3514719,1.121,buy
2/28/2011,FRESX,CONTRIBUTION,30.54,1.101,27.73841962,1.101,buy
2/28/2011,FIGRX,CONTRIBUTION,45.81,1.339,34.21209858,1.339,buy
2/28/2011,FFFFX,CONTRIBUTION,30.53,3.652,8.359802848,3.652,buy
2/28/2011,NYVTX,CONTRIBUTION,42.75,1.198,35.68447412,1.198,buy
2/28/2011,RMCVX,CONTRIBUTION,21.38,2.601,8.219915417,2.601,buy
2/28/2011,MCMYX,CONTRIBUTION,9.16,0.357,25.65826331,0.357,buy
2/28/2011,PVADX,CONTRIBUTION,45.81,1.514,30.25759577,1.514,buy
2/28/2011,RBGLX,CONTRIBUTION,54.97,3.874,14.18946825,3.874,buy
2/18/2011,FSEVX,CONTRIBUTION,21.17,0.517,40.94777563,0.517,buy
2/18/2011,FCPGX,CONTRIBUTION,63.53,3.802,16.70962651,3.802,buy
2/18/2011,FRESX,CONTRIBUTION,105.87,3.878,27.30015472,3.878,buy
2/18/2011,FIGRX,CONTRIBUTION,158.81,4.602,34.50890917,4.602,buy
2/18/2011,FFFFX,CONTRIBUTION,105.87,12.559,8.429811291,12.559,buy
2/18/2011,NYVTX,CONTRIBUTION,148.22,4.115,36.01944107,4.115,buy
2/18/2011,RMCVX,CONTRIBUTION,74.11,8.834,8.389178175,8.834,buy
2/18/2011,MCMYX,CONTRIBUTION,31.76,1.212,26.20462046,1.212,buy
2/18/2011,PVADX,CONTRIBUTION,158.81,5.208,30.49347158,5.208,buy
2/18/2011,RBGLX,CONTRIBUTION,190.57,13.097,14.55066046,13.097,buy
2/15/2011,FSEVX,CONTRIBUTION,8.82,0.218,40.4587156,0.218,buy
2/15/2011,FCPGX,CONTRIBUTION,26.48,1.601,16.53966271,1.601,buy
2/15/2011,FRESX,CONTRIBUTION,44.12,1.629,27.08410068,1.629,buy
2/15/2011,FIGRX,CONTRIBUTION,66.17,1.953,33.8812084,1.953,buy
2/15/2011,FFFFX,CONTRIBUTION,44.1,5.288,8.339636914,5.288,buy
2/15/2011,NYVTX,CONTRIBUTION,61.75,1.736,35.5702765,1.736,buy
2/15/2011,RMCVX,CONTRIBUTION,30.88,3.725,8.289932886,3.725,buy
2/15/2011,MCMYX,CONTRIBUTION,13.23,0.509,25.99214145,0.509,buy
2/15/2011,PVADX,CONTRIBUTION,66.17,2.211,29.92763455,2.211,buy
2/15/2011,RBGLX,CONTRIBUTION,79.4,5.487,14.47056679,5.487,buy
1/31/2011,FSEVX,CONTRIBUTION,8.82,0.228,38.68421053,0.228,buy
1/31/2011,FCPGX,CONTRIBUTION,26.48,1.687,15.69650267,1.687,buy
1/31/2011,FRESX,CONTRIBUTION,44.12,1.663,26.53036681,1.663,buy
1/31/2011,FIGRX,CONTRIBUTION,66.17,1.996,33.15130261,1.996,buy
1/31/2011,FFFFX,CONTRIBUTION,44.1,5.411,8.150064683,5.411,buy
1/31/2011,NYVTX,CONTRIBUTION,61.75,1.774,34.80834273,1.774,buy
1/31/2011,RMCVX,CONTRIBUTION,30.88,3.841,8.039573028,3.841,buy
1/31/2011,MCMYX,CONTRIBUTION,13.23,0.536,24.68283582,0.536,buy
1/31/2011,PVADX,CONTRIBUTION,66.17,2.294,28.84481255,2.294,buy
1/31/2011,RBGLX,CONTRIBUTION,79.4,5.692,13.94940267,5.692,buy
1/14/2011,FCPGX,CONTRIBUTION,22.05,1.373,16.05972323,1.373,buy
1/14/2011,FRESX,CONTRIBUTION,44.12,1.706,25.86166471,1.706,buy
1/14/2011,FIGRX,CONTRIBUTION,66.15,1.966,33.64699898,1.966,buy
1/14/2011,FFFFX,CONTRIBUTION,44.12,5.367,8.220607416,5.367,buy
1/14/2011,NYVTX,CONTRIBUTION,66.17,1.887,35.06624271,1.887,buy
1/14/2011,RMCVX,CONTRIBUTION,44.11,5.466,8.069886572,5.466,buy
1/14/2011,PVADX,CONTRIBUTION,66.17,2.279,29.03466433,2.279,buy
1/14/2011,RBGLX,CONTRIBUTION,88.23,6.266,14.08075327,6.266,buy
12/30/2010,FCPGX,CONTRIBUTION,22.05,1.4,15.75,1.4,buy
12/30/2010,FRESX,CONTRIBUTION,44.12,1.713,25.75598365,1.713,buy
12/30/2010,FIGRX,CONTRIBUTION,66.15,2.009,32.92682927,2.009,buy
12/30/2010,FFFFX,CONTRIBUTION,44.12,5.516,7.998549674,5.516,buy
12/30/2010,NYVTX,CONTRIBUTION,66.17,1.928,34.32053942,1.928,buy
12/30/2010,RMCVX,CONTRIBUTION,44.11,5.569,7.92063207,5.569,buy
12/30/2010,PVADX,CONTRIBUTION,66.17,2.311,28.63262657,2.311,buy
12/30/2010,RBGLX,CONTRIBUTION,88.23,6.487,13.60104825,6.487,buy
12/15/2010,FCPGX,CONTRIBUTION,22.05,1.417,15.56104446,1.417,buy
12/15/2010,FRESX,CONTRIBUTION,44.12,1.806,24.42967885,1.806,buy
12/15/2010,FIGRX,CONTRIBUTION,66.15,2.032,32.55413386,2.032,buy
12/15/2010,FFFFX,CONTRIBUTION,44.12,5.522,7.989858747,5.522,buy
12/15/2010,NYVTX,CONTRIBUTION,66.17,1.957,33.81195708,1.957,buy
12/15/2010,RMCVX,CONTRIBUTION,44.11,5.692,7.749472944,5.692,buy
12/15/2010,PVADX,CONTRIBUTION,66.17,2.323,28.48471804,2.323,buy
12/15/2010,RBGLX,CONTRIBUTION,88.23,6.56,13.44969512,6.56,buy
11/30/2010,FCPGX,CONTRIBUTION,22.05,1.506,14.64143426,1.506,buy
11/30/2010,FRESX,CONTRIBUTION,44.12,1.796,24.56570156,1.796,buy
11/30/2010,FIGRX,CONTRIBUTION,66.15,2.122,31.1734213,2.122,buy
11/30/2010,FFFFX,CONTRIBUTION,44.12,5.76,7.659722222,5.76,buy
11/30/2010,NYVTX,CONTRIBUTION,66.17,2.035,32.51597052,2.035,buy
11/30/2010,RMCVX,CONTRIBUTION,44.11,5.952,7.410954301,5.952,buy
11/30/2010,PVADX,CONTRIBUTION,66.17,2.417,27.37691353,2.417,buy
11/30/2010,RBGLX,CONTRIBUTION,88.23,6.792,12.99028269,6.792,buy
11/15/2010,FCPGX,CONTRIBUTION,22.05,1.523,14.47800394,1.523,buy
11/15/2010,FRESX,CONTRIBUTION,44.12,1.786,24.70324748,1.786,buy
11/15/2010,FIGRX,CONTRIBUTION,66.15,2.024,32.68280632,2.024,buy
11/15/2010,FFFFX,CONTRIBUTION,44.12,5.656,7.800565771,5.656,buy
11/15/2010,NYVTX,CONTRIBUTION,66.17,2.006,32.98604187,2.006,buy
11/15/2010,RMCVX,CONTRIBUTION,44.11,5.936,7.430929919,5.936,buy
11/15/2010,PVADX,CONTRIBUTION,66.17,2.416,27.38824503,2.416,buy
11/15/2010,RBGLX,CONTRIBUTION,88.23,6.814,12.94834165,6.814,buy
10/29/2010,FCPGX,CONTRIBUTION,22.05,1.555,14.18006431,1.555,buy
10/29/2010,FRESX,CONTRIBUTION,44.12,1.761,25.05394662,1.761,buy
10/29/2010,FIGRX,CONTRIBUTION,66.15,2.045,32.34718826,2.045,buy
10/29/2010,FFFFX,CONTRIBUTION,44.12,5.715,7.720034996,5.715,buy
10/29/2010,NYVTX,CONTRIBUTION,66.17,2.053,32.23088164,2.053,buy
10/29/2010,RMCVX,CONTRIBUTION,44.11,6.043,7.299354625,6.043,buy
10/29/2010,PVADX,CONTRIBUTION,66.17,2.476,26.72455574,2.476,buy
10/29/2010,RBGLX,CONTRIBUTION,88.23,6.893,12.79994197,6.893,buy
10/15/2010,FCPGX,CONTRIBUTION,22.05,1.571,14.03564609,1.571,buy
10/15/2010,FRESX,CONTRIBUTION,44.12,1.767,24.9688738,1.767,buy
10/15/2010,FIGRX,CONTRIBUTION,66.15,2.047,32.31558378,2.047,buy
10/15/2010,FFFFX,CONTRIBUTION,44.12,5.745,7.679721497,5.745,buy
10/15/2010,NYVTX,CONTRIBUTION,66.17,2.048,32.30957031,2.048,buy
10/15/2010,RMCVX,CONTRIBUTION,44.11,6.11,7.219312602,6.11,buy
10/15/2010,PVADX,CONTRIBUTION,66.17,2.471,26.77863213,2.471,buy
10/15/2010,RBGLX,CONTRIBUTION,88.23,6.947,12.70044624,6.947,buy
9/30/2010,FCPGX,CONTRIBUTION,22.05,1.632,13.51102941,1.632,buy
9/30/2010,FRESX,CONTRIBUTION,44.12,1.849,23.86154678,1.849,buy
9/30/2010,FIGRX,CONTRIBUTION,66.15,2.133,31.01265823,2.133,buy
9/30/2010,FFFFX,CONTRIBUTION,44.12,5.93,7.440134907,5.93,buy
9/30/2010,NYVTX,CONTRIBUTION,66.17,2.106,31.41975309,2.106,buy
9/30/2010,RMCVX,CONTRIBUTION,44.11,6.31,6.990491284,6.31,buy
9/30/2010,PVADX,CONTRIBUTION,66.17,2.558,25.86786552,2.558,buy
9/30/2010,RBGLX,CONTRIBUTION,88.23,7.202,12.25076368,7.202,buy
9/15/2010,FCPGX,CONTRIBUTION,22.05,1.685,13.08605341,1.685,buy
9/15/2010,FRESX,CONTRIBUTION,44.12,1.811,24.36223081,1.811,buy
9/15/2010,FIGRX,CONTRIBUTION,66.15,2.197,30.10923987,2.197,buy
9/15/2010,FFFFX,CONTRIBUTION,44.12,6.044,7.299801456,6.044,buy
9/15/2010,NYVTX,CONTRIBUTION,66.17,2.148,30.80540037,2.148,buy
9/15/2010,RMCVX,CONTRIBUTION,44.11,6.497,6.789287363,6.497,buy
9/15/2010,PVADX,CONTRIBUTION,66.17,2.609,25.36220774,2.609,buy
9/15/2010,RBGLX,CONTRIBUTION,88.23,7.39,11.9391069,7.39,buy
8/31/2010,FCPGX,CONTRIBUTION,22.05,1.825,12.08219178,1.825,buy
8/31/2010,FRESX,CONTRIBUTION,44.12,1.921,22.96720458,1.921,buy
8/31/2010,FIGRX,CONTRIBUTION,66.15,2.38,27.79411765,2.38,buy
8/31/2010,FFFFX,CONTRIBUTION,44.12,6.44,6.850931677,6.44,buy
8/31/2010,NYVTX,CONTRIBUTION,66.17,2.287,28.93310013,2.287,buy
8/31/2010,RMCVX,CONTRIBUTION,44.11,7.035,6.270078181,7.035,buy
8/31/2010,PVADX,CONTRIBUTION,66.17,2.776,23.83645533,2.776,buy
8/31/2010,RBGLX,CONTRIBUTION,88.23,8.014,11.0094834,8.014,buy
8/13/2010,FCPGX,CONTRIBUTION,22.05,1.805,12.21606648,1.805,buy
8/13/2010,FRESX,CONTRIBUTION,44.12,1.946,22.672148,1.946,buy
8/13/2010,FIGRX,CONTRIBUTION,66.15,2.341,28.25715506,2.341,buy
8/13/2010,FFFFX,CONTRIBUTION,44.12,6.321,6.979908242,6.321,buy
8/13/2010,NYVTX,CONTRIBUTION,66.17,2.237,29.57979437,2.237,buy
8/13/2010,RMCVX,CONTRIBUTION,44.11,6.903,6.389975373,6.903,buy
8/13/2010,PVADX,CONTRIBUTION,66.17,2.74,24.14963504,2.74,buy
8/13/2010,RBGLX,CONTRIBUTION,88.23,7.753,11.38011092,7.753,buy
7/30/2010,FCPGX,CONTRIBUTION,22.05,1.721,12.81231842,1.721,buy
7/30/2010,FRESX,CONTRIBUTION,44.12,1.892,23.3192389,1.892,buy
7/30/2010,FIGRX,CONTRIBUTION,66.15,2.283,28.97503285,2.283,buy
7/30/2010,FFFFX,CONTRIBUTION,44.12,6.188,7.129928895,6.188,buy
7/30/2010,NYVTX,CONTRIBUTION,66.17,2.19,30.21461187,2.19,buy
7/30/2010,RMCVX,CONTRIBUTION,44.11,6.755,6.529977794,6.755,buy
7/30/2010,PVADX,CONTRIBUTION,66.17,2.666,24.81995499,2.666,buy
7/30/2010,RBGLX,CONTRIBUTION,88.23,7.553,11.68145108,7.553,buy
7/15/2010,FCPGX,CONTRIBUTION,22.05,1.749,12.60720412,1.749,buy
7/15/2010,FRESX,CONTRIBUTION,44.12,1.979,22.29408792,1.979,buy
7/15/2010,FIGRX,CONTRIBUTION,66.15,2.318,28.53753236,2.318,buy
7/15/2010,FFFFX,CONTRIBUTION,44.12,6.258,7.050175775,6.258,buy
7/15/2010,NYVTX,CONTRIBUTION,66.17,2.177,30.39503904,2.177,buy
7/15/2010,RMCVX,CONTRIBUTION,44.11,6.829,6.459218041,6.829,buy
7/15/2010,PVADX,CONTRIBUTION,66.17,2.713,24.3899742,2.713,buy
7/15/2010,RBGLX,CONTRIBUTION,88.23,7.56,11.67063492,7.56,buy
6/30/2010,FCPGX,CONTRIBUTION,22.05,1.814,12.15545755,1.814,buy
6/30/2010,FRESX,CONTRIBUTION,44.12,2.076,21.25240848,2.076,buy
6/30/2010,FIGRX,CONTRIBUTION,66.15,2.518,26.27084988,2.518,buy
6/30/2010,FFFFX,CONTRIBUTION,44.12,6.615,6.669690098,6.615,buy
6/30/2010,NYVTX,CONTRIBUTION,66.17,2.31,28.64502165,2.31,buy
6/30/2010,RMCVX,CONTRIBUTION,44.11,7.243,6.090017948,7.243,buy
6/30/2010,PVADX,CONTRIBUTION,66.17,2.815,23.5062167,2.815,buy
6/30/2010,RBGLX,CONTRIBUTION,88.23,8.079,10.92090605,8.079,buy
6/15/2010,FCPGX,CONTRIBUTION,22.05,1.661,13.27513546,1.661,buy
6/15/2010,FRESX,CONTRIBUTION,44.12,1.875,23.53066667,1.875,buy
6/15/2010,FIGRX,CONTRIBUTION,66.15,2.351,28.13696299,2.351,buy
6/15/2010,FFFFX,CONTRIBUTION,44.12,6.214,7.100096556,6.214,buy
6/15/2010,NYVTX,CONTRIBUTION,66.17,2.152,30.74814126,2.152,buy
6/15/2010,RMCVX,CONTRIBUTION,44.11,6.564,6.719987812,6.564,buy
6/15/2010,PVADX,CONTRIBUTION,66.17,2.636,25.10242792,2.636,buy
6/15/2010,RBGLX,CONTRIBUTION,88.23,7.347,12.00898326,7.347,buy
5/28/2010,FCPGX,CONTRIBUTION,22.05,1.685,13.08605341,1.685,buy
5/28/2010,FRESX,CONTRIBUTION,44.12,1.955,22.56777494,1.955,buy
5/28/2010,FIGRX,CONTRIBUTION,66.15,2.458,26.91212368,2.458,buy
5/28/2010,FFFFX,CONTRIBUTION,44.12,6.348,6.950220542,6.348,buy
5/28/2010,NYVTX,CONTRIBUTION,66.17,2.21,29.94117647,2.21,buy
5/28/2010,RMCVX,CONTRIBUTION,44.11,6.745,6.539659007,6.745,buy
5/28/2010,PVADX,CONTRIBUTION,66.17,2.704,24.47115385,2.704,buy
5/28/2010,RBGLX,CONTRIBUTION,88.23,7.535,11.70935634,7.535,buy
5/14/2010,FCPGX,CONTRIBUTION,22.05,1.613,13.67017979,1.613,buy
5/14/2010,FRESX,CONTRIBUTION,44.12,1.894,23.29461457,1.894,buy
5/14/2010,FIGRX,CONTRIBUTION,66.15,2.367,27.94676806,2.367,buy
5/14/2010,FFFFX,CONTRIBUTION,44.12,6.153,7.170485942,6.153,buy
5/14/2010,NYVTX,CONTRIBUTION,66.17,2.136,30.97846442,2.136,buy
5/14/2010,RMCVX,CONTRIBUTION,44.11,6.458,6.830288015,6.458,buy
5/14/2010,PVADX,CONTRIBUTION,66.17,2.614,25.31369549,2.614,buy
5/14/2010,RBGLX,CONTRIBUTION,88.23,7.262,12.14954558,7.262,buy
4/30/2010,FCPGX,CONTRIBUTION,22.05,1.563,14.1074856,1.563,buy
4/30/2010,FRESX,CONTRIBUTION,44.12,1.856,23.77155172,1.856,buy
4/30/2010,FIGRX,CONTRIBUTION,66.15,2.197,30.10923987,2.197,buy
4/30/2010,FFFFX,CONTRIBUTION,44.12,5.836,7.559972584,5.836,buy
4/30/2010,NYVTX,CONTRIBUTION,66.17,2.037,32.48404516,2.037,buy
4/30/2010,RMCVX,CONTRIBUTION,44.11,6.212,7.100772698,6.212,buy
4/30/2010,PVADX,CONTRIBUTION,66.17,2.531,26.14381667,2.531,buy
4/30/2010,RBGLX,CONTRIBUTION,88.23,6.925,12.74079422,6.925,buy
4/15/2010,FCPGX,CONTRIBUTION,22.05,1.552,14.20747423,1.552,buy
4/15/2010,FRESX,CONTRIBUTION,44.12,1.917,23.0151278,1.917,buy
4/15/2010,FIGRX,CONTRIBUTION,66.15,2.086,31.7114094,2.086,buy
4/15/2010,FFFFX,CONTRIBUTION,44.12,5.701,7.738993159,5.701,buy
4/15/2010,NYVTX,CONTRIBUTION,66.17,1.982,33.38546922,1.982,buy
4/15/2010,RMCVX,CONTRIBUTION,44.11,6.068,7.269281477,6.068,buy
4/15/2010,PVADX,CONTRIBUTION,66.17,2.522,26.2371134,2.522,buy
4/15/2010,RBGLX,CONTRIBUTION,88.23,6.746,13.07886155,6.746,buy
3/31/2010,FCPGX,CONTRIBUTION,22.05,1.643,13.42057212,1.643,buy
3/31/2010,FRESX,CONTRIBUTION,44.12,1.972,22.37322515,1.972,buy
3/31/2010,FIGRX,CONTRIBUTION,66.15,2.161,30.61082832,2.161,buy
3/31/2010,FFFFX,CONTRIBUTION,44.12,5.922,7.450185748,5.922,buy
3/31/2010,NYVTX,CONTRIBUTION,66.17,2.055,32.19951338,2.055,buy
3/31/2010,RMCVX,CONTRIBUTION,44.11,6.31,6.990491284,6.31,buy
3/31/2010,PVADX,CONTRIBUTION,66.17,2.629,25.16926588,2.629,buy
3/31/2010,RBGLX,CONTRIBUTION,88.23,6.991,12.62051209,6.991,buy
3/15/2010,FCPGX,CONTRIBUTION,22.05,1.669,13.21150389,1.669,buy
3/15/2010,FRESX,CONTRIBUTION,44.12,2.023,21.80919427,2.023,buy
3/15/2010,FIGRX,CONTRIBUTION,66.15,2.2,30.06818182,2.2,buy
3/15/2010,FFFFX,CONTRIBUTION,44.12,6.011,7.339876892,6.011,buy
3/15/2010,NYVTX,CONTRIBUTION,66.17,2.084,31.75143954,2.084,buy
3/15/2010,RMCVX,CONTRIBUTION,44.11,6.393,6.899734084,6.393,buy
3/15/2010,PVADX,CONTRIBUTION,66.17,2.652,24.95098039,2.652,buy
3/15/2010,RBGLX,CONTRIBUTION,88.23,7.092,12.44077834,7.092,buy
2/26/2010,FCPGX,CONTRIBUTION,21.41,1.726,12.40440324,1.726,buy
2/26/2010,FRESX,CONTRIBUTION,42.83,2.112,20.27935606,2.112,buy
2/26/2010,FIGRX,CONTRIBUTION,64.23,2.249,28.55935972,2.249,buy
2/26/2010,FFFFX,CONTRIBUTION,42.83,6.067,7.059502225,6.067,buy
2/26/2010,NYVTX,CONTRIBUTION,64.24,2.099,30.60505002,2.099,buy
2/26/2010,RMCVX,CONTRIBUTION,42.82,6.538,6.549403487,6.538,buy
2/26/2010,PVADX,CONTRIBUTION,64.25,2.72,23.62132353,2.72,buy
2/26/2010,RBGLX,CONTRIBUTION,85.65,7.186,11.91900918,7.186,buy
2/12/2010,FCPGX,CONTRIBUTION,21.41,1.742,12.29047072,1.742,buy
2/12/2010,FRESX,CONTRIBUTION,42.83,2.265,18.90949227,2.265,buy
2/12/2010,FIGRX,CONTRIBUTION,64.23,2.289,28.06028834,2.289,buy
2/12/2010,FFFFX,CONTRIBUTION,42.83,6.216,6.89028314,6.216,buy
2/12/2010,NYVTX,CONTRIBUTION,64.24,2.151,29.86517899,2.151,buy
2/12/2010,RMCVX,CONTRIBUTION,42.82,6.754,6.339946698,6.754,buy
2/12/2010,PVADX,CONTRIBUTION,64.25,2.815,22.82415631,2.815,buy
2/12/2010,RBGLX,CONTRIBUTION,85.65,7.359,11.63880962,7.359,buy
1/29/2010,FCPGX,CONTRIBUTION,21.41,1.778,12.0416198,1.778,buy
1/29/2010,FRESX,CONTRIBUTION,42.83,2.264,18.91784452,2.264,buy
1/29/2010,FIGRX,CONTRIBUTION,64.23,2.241,28.66131191,2.241,buy
1/29/2010,FFFFX,CONTRIBUTION,42.83,6.198,6.910293643,6.198,buy
1/29/2010,NYVTX,CONTRIBUTION,64.24,2.148,29.90689013,2.148,buy
1/29/2010,RMCVX,CONTRIBUTION,42.82,6.884,6.220220802,6.884,buy
1/29/2010,PVADX,CONTRIBUTION,64.25,2.864,22.43365922,2.864,buy
1/29/2010,RBGLX,CONTRIBUTION,85.65,7.448,11.49973147,7.448,buy
1/15/2010,FCPGX,CONTRIBUTION,19.77,1.549,12.76307295,1.549,buy
1/15/2010,FRESX,CONTRIBUTION,39.54,1.971,20.0608828,1.971,buy
1/15/2010,FIGRX,CONTRIBUTION,59.29,1.901,31.18884797,1.901,buy
1/15/2010,FFFFX,CONTRIBUTION,39.52,5.4,7.318518519,5.4,buy
1/15/2010,NYVTX,CONTRIBUTION,59.3,1.892,31.34249471,1.892,buy
1/15/2010,RMCVX,CONTRIBUTION,39.52,5.987,6.600968766,5.987,buy
1/15/2010,PVADX,CONTRIBUTION,59.3,2.501,23.71051579,2.501,buy
1/15/2010,RBGLX,CONTRIBUTION,79.05,6.458,12.24063177,6.458,buy
1/6/2010,FRESX,CONTRIBUTION,0.01,0,#DIV/0!,0,buy
1/6/2010,FIGRX,CONTRIBUTION,0.01,0,#DIV/0!,0,buy
1/6/2010,FFFFX,CONTRIBUTION,0.01,0.001,10,0.001,buy
1/6/2010,NYVTX,CONTRIBUTION,0.01,0,#DIV/0!,0,buy
1/6/2010,RMCVX,CONTRIBUTION,0.01,0.002,5,0.002,buy
1/6/2010,RBGLX,CONTRIBUTION,0.01,0.001,10,0.001,buy
1/5/2010,FRESX,CONTRIBUTION,0.01,0,#DIV/0!,0,buy
1/5/2010,FIGRX,CONTRIBUTION,0.01,0,#DIV/0!,0,buy
1/5/2010,FFFFX,CONTRIBUTION,0.01,0.001,10,0.001,buy
1/5/2010,NYVTX,CONTRIBUTION,0.01,0,#DIV/0!,0,buy
1/5/2010,RMCVX,CONTRIBUTION,0.01,0.002,5,0.002,buy
1/5/2010,RBGLX,CONTRIBUTION,0.01,0.001,10,0.001,buy
12/31/2009,FCPGX,CONTRIBUTION,19.77,1.592,12.41834171,1.592,buy
12/31/2009,FRESX,CONTRIBUTION,39.54,1.962,20.1529052,1.962,buy
12/31/2009,FIGRX,CONTRIBUTION,59.29,1.953,30.35842294,1.953,buy
12/31/2009,FFFFX,CONTRIBUTION,39.53,5.521,7.159934794,5.521,buy
12/31/2009,NYVTX,CONTRIBUTION,59.3,1.914,30.98223615,1.914,buy
12/31/2009,RMCVX,CONTRIBUTION,39.53,6.1,6.480327869,6.1,buy
12/31/2009,PVADX,CONTRIBUTION,59.3,2.562,23.1459797,2.562,buy
12/31/2009,RBGLX,CONTRIBUTION,79.06,6.486,12.18933087,6.486,buy
12/15/2009,FCPGX,CONTRIBUTION,19.77,1.639,12.06223307,1.639,buy
12/15/2009,FRESX,CONTRIBUTION,39.54,2.01,19.67164179,2.01,buy
12/15/2009,FIGRX,CONTRIBUTION,59.29,1.978,29.97472194,1.978,buy
12/15/2009,FFFFX,CONTRIBUTION,39.53,5.452,7.250550257,5.452,buy
12/15/2009,NYVTX,CONTRIBUTION,59.3,1.952,30.37909836,1.952,buy
12/15/2009,RMCVX,CONTRIBUTION,39.53,6.119,6.460205916,6.119,buy
12/15/2009,PVADX,CONTRIBUTION,59.3,2.541,23.33726879,2.541,buy
12/15/2009,RBGLX,CONTRIBUTION,79.06,6.577,12.02067812,6.577,buy
11/30/2009,FCPGX,CONTRIBUTION,19.77,1.727,11.44759699,1.727,buy
11/30/2009,FRESX,CONTRIBUTION,39.54,2.081,19.00048054,2.081,buy
11/30/2009,FIGRX,CONTRIBUTION,59.29,1.975,30.02025316,1.975,buy
11/30/2009,FFFFX,CONTRIBUTION,39.53,5.528,7.150868307,5.528,buy
11/30/2009,FBGRX,CONTRIBUTION,79.06,2.184,36.1996337,2.184,buy
11/30/2009,NYVTX,CONTRIBUTION,59.3,1.953,30.36354327,1.953,buy
11/30/2009,RMCVX,CONTRIBUTION,39.53,6.304,6.270621827,6.304,buy
11/30/2009,PVADX,CONTRIBUTION,59.3,2.621,22.62495231,2.621,buy
11/13/2009,FCPGX,CONTRIBUTION,18.12,1.546,11.72056921,1.546,buy
11/13/2009,FRESX,CONTRIBUTION,36.25,1.921,18.87038001,1.921,buy
11/13/2009,FIGRX,CONTRIBUTION,54.35,1.774,30.63697858,1.774,buy
11/13/2009,FFFFX,CONTRIBUTION,36.24,5.04,7.19047619,5.04,buy
11/13/2009,FBGRX,CONTRIBUTION,72.47,1.983,36.54563792,1.983,buy
11/13/2009,NYVTX,CONTRIBUTION,54.36,1.785,30.45378151,1.785,buy
11/13/2009,RMCVX,CONTRIBUTION,36.23,5.705,6.350569676,5.705,buy
11/13/2009,PVADX,CONTRIBUTION,54.36,2.389,22.7542905,2.389,buy
10/30/2009,FCPGX,CONTRIBUTION,18.12,1.637,11.06902871,1.637,buy
10/30/2009,FRESX,CONTRIBUTION,36.25,2.071,17.50362144,2.071,buy
10/30/2009,FIGRX,CONTRIBUTION,54.35,1.887,28.80233174,1.887,buy
10/30/2009,FFFFX,CONTRIBUTION,36.24,5.306,6.830003769,5.306,buy
10/30/2009,FBGRX,CONTRIBUTION,72.47,2.132,33.99155722,2.132,buy
10/30/2009,NYVTX,CONTRIBUTION,54.36,1.89,28.76190476,1.89,buy
10/30/2009,RMCVX,CONTRIBUTION,36.23,6.069,5.96968199,6.069,buy
10/30/2009,PVADX,CONTRIBUTION,54.36,2.502,21.72661871,2.502,buy
10/15/2009,FCPGX,CONTRIBUTION,16.47,1.345,12.24535316,1.345,buy
10/15/2009,FRESX,CONTRIBUTION,32.94,1.746,18.86597938,1.746,buy
10/15/2009,FIGRX,CONTRIBUTION,49.42,1.595,30.98432602,1.595,buy
10/15/2009,FFFFX,CONTRIBUTION,32.95,4.544,7.251320423,4.544,buy
10/15/2009,FBGRX,CONTRIBUTION,65.88,1.818,36.23762376,1.818,buy
10/15/2009,NYVTX,CONTRIBUTION,49.42,1.619,30.52501544,1.619,buy
10/15/2009,RMCVX,CONTRIBUTION,32.94,5.099,6.460090214,5.099,buy
10/15/2009,PVADX,CONTRIBUTION,49.42,2.139,23.10425432,2.139,buy
9/30/2009,FCPGX,CONTRIBUTION,18.12,1.532,11.82767624,1.532,buy
9/30/2009,FRESX,CONTRIBUTION,36.25,1.95,18.58974359,1.95,buy
9/30/2009,FIGRX,CONTRIBUTION,54.35,1.834,29.6346783,1.834,buy
9/30/2009,FFFFX,CONTRIBUTION,36.24,5.162,7.020534676,5.162,buy
9/30/2009,FBGRX,CONTRIBUTION,72.47,2.071,34.99275712,2.071,buy
9/30/2009,NYVTX,CONTRIBUTION,54.36,1.859,29.2415277,1.859,buy
9/30/2009,RMCVX,CONTRIBUTION,36.23,5.853,6.18998804,5.853,buy
9/30/2009,PVADX,CONTRIBUTION,54.36,2.434,22.33360723,2.434,buy
9/15/2009,FCPGX,CONTRIBUTION,18.12,1.529,11.85088293,1.529,buy
9/15/2009,FRESX,CONTRIBUTION,36.25,1.959,18.50433895,1.959,buy
9/15/2009,FIGRX,CONTRIBUTION,54.35,1.841,29.52199891,1.841,buy
9/15/2009,FFFFX,CONTRIBUTION,36.24,5.185,6.989392478,5.185,buy
9/15/2009,FBGRX,CONTRIBUTION,72.47,2.076,34.90847784,2.076,buy
9/15/2009,NYVTX,CONTRIBUTION,54.36,1.853,29.33621155,1.853,buy
9/15/2009,RMCVX,CONTRIBUTION,36.23,5.824,6.22081044,5.824,buy
9/15/2009,PVADX,CONTRIBUTION,54.36,2.431,22.36116824,2.431,buy
8/31/2009,FCPGX,CONTRIBUTION,18.12,1.619,11.19209389,1.619,buy
8/31/2009,FRESX,CONTRIBUTION,36.25,2.105,17.22090261,2.105,buy
8/31/2009,FIGRX,CONTRIBUTION,54.35,1.914,28.39602926,1.914,buy
8/31/2009,FFFFX,CONTRIBUTION,36.24,5.393,6.719821991,5.393,buy
8/31/2009,FBGRX,CONTRIBUTION,72.47,2.173,33.35020709,2.173,buy
8/31/2009,NYVTX,CONTRIBUTION,54.36,1.935,28.09302326,1.935,buy
8/31/2009,RMCVX,CONTRIBUTION,36.23,6.151,5.890099171,6.151,buy
8/31/2009,PVADX,CONTRIBUTION,54.36,2.557,21.25928823,2.557,buy
8/14/2009,FCPGX,CONTRIBUTION,18.12,1.638,11.06227106,1.638,buy
8/14/2009,FRESX,CONTRIBUTION,36.25,2.168,16.7204797,2.168,buy
8/14/2009,FIGRX,CONTRIBUTION,54.35,1.952,27.8432377,1.952,buy
8/14/2009,FFFFX,CONTRIBUTION,36.24,5.491,6.59989073,5.491,buy
8/14/2009,FBGRX,CONTRIBUTION,72.47,2.22,32.64414414,2.22,buy
8/14/2009,NYVTX,CONTRIBUTION,54.36,1.971,27.57990868,1.971,buy
8/14/2009,RMCVX,CONTRIBUTION,36.23,6.269,5.779231137,6.269,buy
8/14/2009,PVADX,CONTRIBUTION,54.36,2.581,21.06160403,2.581,buy
7/31/2009,FCPGX,CONTRIBUTION,18.12,1.664,10.88942308,1.664,buy
7/31/2009,FRESX,CONTRIBUTION,36.24,2.48,14.61290323,2.48,buy
7/31/2009,FIGRX,CONTRIBUTION,54.35,1.981,27.43563857,1.981,buy
7/31/2009,FFFFX,CONTRIBUTION,36.24,5.593,6.479527981,5.593,buy
7/31/2009,FBGRX,CONTRIBUTION,72.47,2.267,31.96735774,2.267,buy
7/31/2009,NYVTX,CONTRIBUTION,54.36,2.014,26.99106256,2.014,buy
7/31/2009,RMCVX,CONTRIBUTION,36.23,6.493,5.579855229,6.493,buy
7/31/2009,PVADX,CONTRIBUTION,54.36,2.643,20.56753689,2.643,buy
7/15/2009,FCPGX,CONTRIBUTION,14.83,1.463,10.1367054,1.463,buy
7/15/2009,FRESX,CONTRIBUTION,29.65,2.254,13.15439219,2.254,buy
7/15/2009,FIGRX,CONTRIBUTION,44.47,1.76,25.26704545,1.76,buy
7/15/2009,FFFFX,CONTRIBUTION,29.65,4.877,6.079557105,4.877,buy
7/15/2009,FBGRX,CONTRIBUTION,59.29,2,29.645,2,buy
7/15/2009,NYVTX,CONTRIBUTION,44.48,1.733,25.66647432,1.733,buy
7/15/2009,RMCVX,CONTRIBUTION,29.64,5.766,5.140478668,5.766,buy
7/15/2009,PVADX,CONTRIBUTION,44.48,2.282,19.49167397,2.282,buy
6/30/2009,FCPGX,CONTRIBUTION,14.83,1.477,10.04062288,1.477,buy
6/30/2009,FRESX,CONTRIBUTION,29.65,2.234,13.27215756,2.234,buy
6/30/2009,FIGRX,CONTRIBUTION,44.47,1.78,24.98314607,1.78,buy
6/30/2009,FFFFX,CONTRIBUTION,29.65,4.933,6.010541253,4.933,buy
6/30/2009,FBGRX,CONTRIBUTION,59.29,2.034,29.14945919,2.034,buy
6/30/2009,NYVTX,CONTRIBUTION,44.48,1.77,25.1299435,1.77,buy
6/30/2009,RMCVX,CONTRIBUTION,29.64,5.847,5.06926629,5.847,buy
6/30/2009,PVADX,CONTRIBUTION,44.48,2.312,19.23875433,2.312,buy
6/15/2009,FCPGX,CONTRIBUTION,14.83,1.483,10,1.483,buy
6/15/2009,FRESX,CONTRIBUTION,29.65,2.206,13.4406165,2.206,buy
6/15/2009,FIGRX,CONTRIBUTION,44.47,1.773,25.08178229,1.773,buy
6/15/2009,FFFFX,CONTRIBUTION,29.65,4.917,6.030099654,4.917,buy
6/15/2009,FBGRX,CONTRIBUTION,59.29,2.021,29.3369619,2.021,buy
6/15/2009,NYVTX,CONTRIBUTION,44.48,1.766,25.18686297,1.766,buy
6/15/2009,RMCVX,CONTRIBUTION,29.64,5.755,5.150304083,5.755,buy
6/15/2009,PVADX,CONTRIBUTION,44.48,2.288,19.44055944,2.288,buy
5/29/2009,FCPGX,CONTRIBUTION,14.83,1.498,9.899866489,1.498,buy
5/29/2009,FRESX,CONTRIBUTION,29.65,2.148,13.80353818,2.148,buy
5/29/2009,FIGRX,CONTRIBUTION,44.47,1.75,25.41142857,1.75,buy
5/29/2009,FFFFX,CONTRIBUTION,29.65,4.942,5.999595306,4.942,buy
5/29/2009,FBGRX,CONTRIBUTION,59.29,2.018,29.38057483,2.018,buy
5/29/2009,NYVTX,CONTRIBUTION,44.48,1.752,25.38812785,1.752,buy
5/29/2009,RMCVX,CONTRIBUTION,29.64,5.8,5.110344828,5.8,buy
5/29/2009,PVADX,CONTRIBUTION,44.48,2.295,19.38126362,2.295,buy
5/15/2009,FCPGX,CONTRIBUTION,14.83,1.616,9.176980198,1.616,buy
5/15/2009,FRESX,CONTRIBUTION,29.65,2.391,12.40066918,2.391,buy
5/15/2009,FIGRX,CONTRIBUTION,44.47,1.892,23.50422833,1.892,buy
5/15/2009,FFFFX,CONTRIBUTION,29.65,5.192,5.710708783,5.192,buy
5/15/2009,FBGRX,CONTRIBUTION,59.29,2.127,27.87494123,2.127,buy
5/15/2009,NYVTX,CONTRIBUTION,44.48,1.84,24.17391304,1.84,buy
5/15/2009,RMCVX,CONTRIBUTION,29.64,6.175,4.8,6.175,buy
5/15/2009,PVADX,CONTRIBUTION,44.48,2.414,18.42584921,2.414,buy
4/30/2009,FCPGX,CONTRIBUTION,18.12,1.942,9.330587024,1.942,buy
4/30/2009,FRESX,CONTRIBUTION,36.25,2.72,13.32720588,2.72,buy
4/30/2009,FIGRX,CONTRIBUTION,54.35,2.409,22.56122873,2.409,buy
4/30/2009,FFFFX,CONTRIBUTION,36.24,6.448,5.620347395,6.448,buy
4/30/2009,FBGRX,CONTRIBUTION,72.47,2.553,28.3862123,2.553,buy
4/30/2009,NYVTX,CONTRIBUTION,54.36,2.302,23.61424848,2.302,buy
4/30/2009,RMCVX,CONTRIBUTION,36.23,7.424,4.880118534,7.424,buy
4/30/2009,PVADX,CONTRIBUTION,54.36,2.95,18.42711864,2.95,buy
4/15/2009,FCPGX,CONTRIBUTION,18.12,2.09,8.669856459,2.09,buy
4/15/2009,FRESX,CONTRIBUTION,36.25,2.976,12.18077957,2.976,buy
4/15/2009,FIGRX,CONTRIBUTION,54.35,2.481,21.90648932,2.481,buy
4/15/2009,FFFFX,CONTRIBUTION,36.24,6.649,5.450443676,6.649,buy
4/15/2009,FBGRX,CONTRIBUTION,72.47,2.697,26.87059696,2.697,buy
4/15/2009,NYVTX,CONTRIBUTION,54.36,2.373,22.90771176,2.373,buy
4/15/2009,RMCVX,CONTRIBUTION,36.23,7.741,4.680273866,7.741,buy
4/15/2009,PVADX,CONTRIBUTION,54.36,3.093,17.57516974,3.093,buy
3/31/2009,FCPGX,CONTRIBUTION,23.06,2.847,8.099754127,2.847,buy
3/31/2009,FRESX,CONTRIBUTION,32.29,3.213,10.0497977,3.213,buy
3/31/2009,FIGRX,CONTRIBUTION,92.23,4.515,20.42746401,4.515,buy
3/31/2009,FFFFX,CONTRIBUTION,46.13,9.045,5.100055279,9.045,buy
3/31/2009,FBGRX,CONTRIBUTION,115.3,4.616,24.97833622,4.616,buy
3/31/2009,NYVTX,CONTRIBUTION,46.12,2.222,20.75607561,2.222,buy
3/31/2009,RMCVX,CONTRIBUTION,36.9,8.807,4.189848984,8.807,buy
3/31/2009,PVADX,CONTRIBUTION,69.18,4.213,16.4206029,4.213,buy
3/16/2009,FCPGX,CONTRIBUTION,23.06,3.087,7.470035633,3.087,buy
3/16/2009,FRESX,CONTRIBUTION,32.29,3.389,9.527884332,3.389,buy
3/16/2009,FIGRX,CONTRIBUTION,92.23,4.744,19.44139966,4.744,buy
3/16/2009,FFFFX,CONTRIBUTION,46.13,9.531,4.839995803,9.531,buy
3/16/2009,FBGRX,CONTRIBUTION,115.3,4.907,23.49704504,4.907,buy
3/16/2009,NYVTX,CONTRIBUTION,46.12,2.358,19.55894826,2.358,buy
3/16/2009,RMCVX,CONTRIBUTION,36.9,9.413,3.920110485,9.413,buy
3/16/2009,PVADX,CONTRIBUTION,69.18,4.513,15.32904941,4.513,buy
2/27/2009,FCPGX,CONTRIBUTION,22.72,3.053,7.441860465,3.053,buy
2/27/2009,FRESX,CONTRIBUTION,31.81,3.206,9.92202121,3.206,buy
2/27/2009,FIGRX,CONTRIBUTION,90.88,4.718,19.26239932,4.718,buy
2/27/2009,FFFFX,CONTRIBUTION,45.44,9.567,4.749660291,9.567,buy
2/27/2009,FBGRX,CONTRIBUTION,113.6,4.969,22.86174281,4.969,buy
2/27/2009,NYVTX,CONTRIBUTION,45.44,2.421,18.76910368,2.421,buy
2/27/2009,RMCVX,CONTRIBUTION,36.35,9.466,3.840059159,9.466,buy
2/27/2009,PVADX,CONTRIBUTION,68.16,4.406,15.46981389,4.406,buy
2/13/2009,FCPGX,CONTRIBUTION,22.72,2.695,8.430426716,2.695,buy
2/13/2009,FRESX,CONTRIBUTION,31.81,2.832,11.23234463,2.832,buy
2/13/2009,FIGRX,CONTRIBUTION,90.88,4.34,20.94009217,4.34,buy
2/13/2009,FFFFX,CONTRIBUTION,45.44,8.705,5.219988512,8.705,buy
2/13/2009,FBGRX,CONTRIBUTION,113.6,4.571,24.85232991,4.571,buy
2/13/2009,NYVTX,CONTRIBUTION,45.44,2.149,21.14471847,2.149,buy
2/13/2009,RMCVX,CONTRIBUTION,36.35,8.28,4.390096618,8.28,buy
2/13/2009,PVADX,CONTRIBUTION,68.16,3.862,17.64888659,3.862,buy
1/30/2009,FCPGX,CONTRIBUTION,22.72,2.751,8.258814976,2.751,buy
1/30/2009,FRESX,CONTRIBUTION,31.81,2.487,12.79051066,2.487,buy
1/30/2009,FIGRX,CONTRIBUTION,90.88,4.318,21.04678092,4.318,buy
1/30/2009,FFFFX,CONTRIBUTION,45.44,8.721,5.21041165,8.721,buy
1/30/2009,FBGRX,CONTRIBUTION,113.6,4.654,24.40911044,4.654,buy
1/30/2009,NYVTX,CONTRIBUTION,45.44,2.128,21.35338346,2.128,buy
1/30/2009,RMCVX,CONTRIBUTION,36.35,8.453,4.300248433,8.453,buy
1/30/2009,PVADX,CONTRIBUTION,68.16,3.893,17.50834832,3.893,buy
1/15/2009,FCPGX,CONTRIBUTION,22.72,2.741,8.28894564,2.741,buy
1/15/2009,FRESX,CONTRIBUTION,31.81,2.39,13.30962343,2.39,buy
1/15/2009,FIGRX,CONTRIBUTION,90.88,4.193,21.67421894,4.193,buy
1/15/2009,FFFFX,CONTRIBUTION,45.44,8.574,5.29974341,8.574,buy
1/15/2009,FBGRX,CONTRIBUTION,113.6,4.551,24.96154691,4.551,buy
1/15/2009,NYVTX,CONTRIBUTION,45.44,2.083,21.81469035,2.083,buy
1/15/2009,RMCVX,CONTRIBUTION,36.35,8.078,4.499876207,8.078,buy
1/15/2009,PVADX,CONTRIBUTION,68.16,3.791,17.97942495,3.791,buy
12/31/2008,FCPGX,CONTRIBUTION,26.78,3.081,8.691983122,3.081,buy
12/31/2008,FRESX,CONTRIBUTION,37.48,2.401,15.61016243,2.401,buy
12/31/2008,FIGRX,CONTRIBUTION,107.11,4.533,23.6289433,4.533,buy
12/31/2008,FFFFX,CONTRIBUTION,53.55,9.579,5.590353899,9.579,buy
12/31/2008,FBGRX,CONTRIBUTION,133.88,5.089,26.30772254,5.089,buy
12/31/2008,NYVTX,CONTRIBUTION,53.56,2.268,23.61552028,2.268,buy
12/31/2008,RMCVX,CONTRIBUTION,42.84,9.115,4.699945145,9.115,buy
12/31/2008,PVADX,CONTRIBUTION,80.33,4.217,19.04908703,4.217,buy
12/15/2008,FCPGX,CONTRIBUTION,20.28,2.525,8.031683168,2.525,buy
12/15/2008,FRESX,CONTRIBUTION,28.4,2.083,13.63418147,2.083,buy
12/15/2008,FIGRX,CONTRIBUTION,81.15,3.63,22.3553719,3.63,buy
12/15/2008,FFFFX,CONTRIBUTION,40.57,7.458,5.439796192,7.458,buy
12/15/2008,FBGRX,CONTRIBUTION,101.43,3.984,25.45933735,3.984,buy
12/15/2008,NYVTX,CONTRIBUTION,40.57,1.788,22.6901566,1.788,buy
12/15/2008,RMCVX,CONTRIBUTION,32.46,6.638,4.890027117,6.638,buy
12/15/2008,PVADX,CONTRIBUTION,60.85,3.364,18.08858502,3.364,buy
11/25/2008,FCPGX,CONTRIBUTION,20.28,2.584,7.848297214,2.584,buy
11/25/2008,FRESX,CONTRIBUTION,28.4,2.194,12.9443938,2.194,buy
11/25/2008,FIGRX,CONTRIBUTION,81.15,3.704,21.9087473,3.704,buy
11/25/2008,FFFFX,CONTRIBUTION,40.57,7.597,5.340265894,7.597,buy
11/25/2008,FBGRX,CONTRIBUTION,101.43,4.047,25.06300964,4.047,buy
11/25/2008,NYVTX,CONTRIBUTION,40.57,1.778,22.81777278,1.778,buy
11/25/2008,RMCVX,CONTRIBUTION,32.46,6.82,4.759530792,6.82,buy
11/25/2008,PVADX,CONTRIBUTION,60.85,3.085,19.72447326,3.085,buy
11/13/2008,FCPGX,CONTRIBUTION,20.28,2.4,8.45,2.4,buy
11/13/2008,FRESX,CONTRIBUTION,28.4,1.907,14.89250131,1.907,buy
11/13/2008,FIGRX,CONTRIBUTION,81.15,3.5,23.18571429,3.5,buy
11/13/2008,FFFFX,CONTRIBUTION,40.57,7.117,5.700435577,7.117,buy
11/13/2008,FBGRX,CONTRIBUTION,101.43,3.789,26.7695962,3.789,buy
11/13/2008,NYVTX,CONTRIBUTION,40.57,1.675,24.22089552,1.675,buy
11/13/2008,RMCVX,CONTRIBUTION,32.46,6.327,5.130393551,6.327,buy
11/13/2008,PVADX,CONTRIBUTION,60.85,2.876,21.15785814,2.876,buy
10/30/2008,FCPGX,CONTRIBUTION,17.16,1.924,8.918918919,1.924,buy
10/30/2008,FRESX,CONTRIBUTION,24.03,1.447,16.60677263,1.447,buy
10/30/2008,FIGRX,CONTRIBUTION,68.67,2.895,23.72020725,2.895,buy
10/30/2008,FFFFX,CONTRIBUTION,34.33,5.769,5.950771364,5.769,buy
10/30/2008,FBGRX,CONTRIBUTION,85.82,3.056,28.08246073,3.056,buy
10/30/2008,NYVTX,CONTRIBUTION,34.33,1.348,25.46735905,1.348,buy
10/30/2008,RMCVX,CONTRIBUTION,27.46,5.039,5.449493947,5.039,buy
10/30/2008,PVADX,CONTRIBUTION,51.49,2.341,21.99487399,2.341,buy
10/15/2008,FCPGX,CONTRIBUTION,17.16,1.944,8.827160494,1.944,buy
10/15/2008,FRESX,CONTRIBUTION,24.03,1.419,16.93446089,1.419,buy
10/15/2008,FIGRX,CONTRIBUTION,68.67,2.923,23.49298666,2.923,buy
10/15/2008,FFFFX,CONTRIBUTION,34.33,5.898,5.820617158,5.898,buy
10/15/2008,FBGRX,CONTRIBUTION,85.82,3.163,27.13246917,3.163,buy
10/15/2008,NYVTX,CONTRIBUTION,34.33,1.401,24.50392577,1.401,buy
10/15/2008,RMCVX,CONTRIBUTION,27.46,5.22,5.260536398,5.22,buy
10/15/2008,PVADX,CONTRIBUTION,51.49,2.443,21.07654523,2.443,buy
7/3/2014,FUSVX,DIVIDEND,40.59,0.576,70.46875,0.576,buy
6/25/2014,DODGX,DIVIDEND,32.04,0.18,178,0.18,buy
6/6/2014,FRESX,DIVIDEND,37.93,1.008,37.62896825,1.008,buy
5/2/2014,FFFFX,DIVIDEND,367.24,39.961,9.189960211,39.961,buy
4/11/2014,FSEVX,DIVIDEND,63.94,1.243,51.44006436,1.243,buy
4/4/2014,FUSVX,DIVIDEND,36,0.545,66.05504587,0.545,buy
3/26/2014,DODGX,DIVIDEND,46.53,0.274,169.8175182,0.274,buy
2/7/2014,FCNTX,DIVIDEND,69.04,0.733,94.18826739,0.733,buy
12/27/2013,FFFFX,DIVIDEND,241.63,25.488,9.48014752,25.488,buy
12/26/2013,FRESX,DIVIDEND,0.73,0.023,31.73913043,0.023,buy
12/19/2013,DODGX,DIVIDEND,18.12,0.11,164.7272727,0.11,buy
12/19/2013,RMCVX,DIVIDEND,452.05,44.059,10.26010577,44.059,buy
12/19/2013,PVADX,DIVIDEND,145.1,4.51,32.172949,4.51,buy
12/13/2013,FSEVX,DIVIDEND,97.01,1.901,51.0310363,1.901,buy
12/13/2013,FUSVX,DIVIDEND,41.57,0.662,62.79456193,0.662,buy
12/13/2013,FRESX,DIVIDEND,73.72,2.361,31.2240576,2.361,buy
12/13/2013,FCNTX,DIVIDEND,445.81,4.816,92.56852159,4.816,buy
12/12/2013,PVADX,DIVIDEND,"1,206.84",37.55,32.13954727,37.55,buy
12/6/2013,FIGRX,DIVIDEND,235.69,6.066,38.8542697,6.066,buy
12/5/2013,GGOIX,DIVIDEND,276.56,9.375,29.49973333,9.375,buy
11/25/2013,ORIYX,DIVIDEND,237.02,6.093,38.90037748,6.093,buy
10/4/2013,FUSVX,DIVIDEND,37.36,0.623,59.96789727,0.623,buy
9/25/2013,DODGX,DIVIDEND,19.58,0.129,151.7829457,0.129,buy
9/6/2013,FRESX,DIVIDEND,41.39,1.305,31.7164751,1.305,buy
7/5/2013,FUSVX,DIVIDEND,33.46,0.578,57.88927336,0.578,buy
6/25/2013,DODGX,DIVIDEND,25.98,0.187,138.9304813,0.187,buy
6/7/2013,FRESX,DIVIDEND,22.32,0.648,34.44444444,0.648,buy
5/3/2013,FFFFX,DIVIDEND,126.76,14.356,8.829757593,14.356,buy
4/12/2013,FSEVX,DIVIDEND,23.99,0.537,44.67411546,0.537,buy
4/5/2013,FUSVX,DIVIDEND,33.2,0.603,55.05804312,0.603,buy
3/1/2013,FRESX,DIVIDEND,15.82,0.469,33.73134328,0.469,buy
12/28/2012,FFFFX,DIVIDEND,114.34,14.012,8.160148444,14.012,buy
12/20/2012,RMCVX,DIVIDEND,24.29,2.831,8.580007065,2.831,buy
12/20/2012,PVADX,DIVIDEND,140.8,4.928,28.57142857,4.928,buy
12/20/2012,RBGLX,DIVIDEND,86.54,6.657,12.99984978,6.657,buy
12/18/2012,NYVTX,DIVIDEND,444.32,12.627,35.18808902,12.627,buy
12/14/2012,FSEVX,DIVIDEND,66.31,1.701,38.98295121,1.701,buy
12/14/2012,FRESX,DIVIDEND,39.16,1.253,31.25299282,1.253,buy
12/13/2012,PVADX,DIVIDEND,564.01,19.958,28.25984568,19.958,buy
12/13/2012,RBGLX,DIVIDEND,906.68,70.23,12.91015236,70.23,buy
12/7/2012,FIGRX,DIVIDEND,170.72,5.283,32.31497255,5.283,buy
12/5/2012,GGOIX,DIVIDEND,118.12,4.907,24.07173426,4.907,buy
11/27/2012,ORIYX,DIVIDEND,107.34,3.667,29.27188437,3.667,buy
9/25/2012,RMCVX,DIVIDEND,2.5,0.307,8.143322476,0.307,buy
9/7/2012,FCPGX,DIVIDEND,128.07,7.743,16.54010074,7.743,buy
9/7/2012,FRESX,DIVIDEND,17.2,0.526,32.69961977,0.526,buy
6/1/2012,FRESX,DIVIDEND,20.41,0.699,29.19885551,0.699,buy
5/4/2012,FFFFX,DIVIDEND,10.22,1.287,7.940947941,1.287,buy
4/13/2012,FSEVX,DIVIDEND,19.24,0.495,38.86868687,0.495,buy
3/2/2012,FRESX,DIVIDEND,11.21,0.382,29.34554974,0.382,buy
12/29/2011,FFFFX,DIVIDEND,156.76,21.299,7.359969952,21.299,buy
12/22/2011,PVADX,DIVIDEND,125.07,4.503,27.77481679,4.503,buy
12/22/2011,RBGLX,DIVIDEND,0.01,0.001,10,0.001,buy
12/21/2011,NYVTX,DIVIDEND,40.35,1.253,32.20271349,1.253,buy
12/20/2011,RMCVX,DIVIDEND,6.96,0.976,7.131147541,0.976,buy
12/16/2011,FSEVX,DIVIDEND,30.87,0.894,34.53020134,0.894,buy
12/16/2011,FRESX,DIVIDEND,27.08,1.018,26.60117878,1.018,buy
12/15/2011,PVADX,DIVIDEND,210.78,7.787,27.06819057,7.787,buy
12/7/2011,GGOIX,DIVIDEND,86.46,3.851,22.45131135,3.851,buy
12/2/2011,FCPGX,DIVIDEND,15.79,1.064,14.84022556,1.064,buy
12/2/2011,FIGRX,DIVIDEND,99.41,3.527,28.18542671,3.527,buy
9/9/2011,FCPGX,DIVIDEND,41.53,2.994,13.87107548,2.994,buy
9/2/2011,FRESX,DIVIDEND,7.22,0.279,25.8781362,0.279,buy
5/6/2011,FFFFX,DIVIDEND,18.14,2.152,8.42936803,2.152,buy
4/15/2011,FSEVX,DIVIDEND,17.75,0.44,40.34090909,0.44,buy
12/30/2010,FCPGX,DIVIDEND,1.37,0.087,15.74712644,0.087,buy
12/30/2010,FIGRX,DIVIDEND,11.68,0.355,32.90140845,0.355,buy
12/30/2010,FFFFX,DIVIDEND,72.63,9.079,7.999779711,9.079,buy
12/20/2010,RMCVX,DIVIDEND,31.98,4.095,7.80952381,4.095,buy
12/17/2010,FRESX,DIVIDEND,24.14,0.984,24.53252033,0.984,buy
12/16/2010,PVADX,DIVIDEND,98.53,3.492,28.21592211,3.492,buy
12/16/2010,RBGLX,DIVIDEND,15.96,1.183,13.49112426,1.183,buy
12/3/2010,FCPGX,DIVIDEND,2.3,0.15,15.33333333,0.15,buy
12/3/2010,FIGRX,DIVIDEND,109.57,3.37,32.51335312,3.37,buy
12/1/2010,NYVTX,DIVIDEND,64.96,1.98,32.80808081,1.98,buy
9/3/2010,FRESX,DIVIDEND,15.67,0.645,24.29457364,0.645,buy
6/4/2010,FRESX,DIVIDEND,14.69,0.695,21.13669065,0.695,buy
5/7/2010,FFFFX,DIVIDEND,18.2,2.596,7.010785824,2.596,buy
3/5/2010,FRESX,DIVIDEND,9.44,0.449,21.02449889,0.449,buy
12/30/2009,FRESX,DIVIDEND,0.63,0.03,21,0.03,buy
12/28/2009,FFFFX,DIVIDEND,59.32,8.216,7.220058423,8.216,buy
12/21/2009,RMCVX,DIVIDEND,37.16,5.77,6.440207972,5.77,buy
12/18/2009,FRESX,DIVIDEND,16.32,0.829,19.68636912,0.829,buy
12/17/2009,PVADX,DIVIDEND,77.26,3.405,22.69016153,3.405,buy
12/17/2009,RBGLX,DIVIDEND,23.39,1.98,11.81313131,1.98,buy
12/4/2009,FIGRX,DIVIDEND,45.57,1.492,30.54289544,1.492,buy
12/1/2009,NYVTX,DIVIDEND,24.89,0.816,30.50245098,0.816,buy
9/11/2009,FBGRX,DIVIDEND,16.57,0.481,34.44906445,0.481,buy
9/4/2009,FRESX,DIVIDEND,9.87,0.604,16.3410596,0.604,buy
6/5/2009,FRESX,DIVIDEND,7.57,0.526,14.39163498,0.526,buy
5/15/2009,FFFFX,DIVIDEND,4.62,0.809,5.710754017,0.809,buy
3/6/2009,FRESX,DIVIDEND,4.08,0.475,8.589473684,0.475,buy
12/30/2008,FRESX,DIVIDEND,0.9,0.061,14.75409836,0.061,buy
12/26/2008,FFFFX,DIVIDEND,19.58,3.626,5.399889686,3.626,buy
12/19/2008,FRESX,DIVIDEND,10.63,0.705,15.07801418,0.705,buy
12/19/2008,FBGRX,DIVIDEND,9.57,0.369,25.93495935,0.369,buy
12/19/2008,RMCVX,DIVIDEND,75.27,16.293,4.619775364,16.293,buy
12/18/2008,PVADX,DIVIDEND,35.94,1.958,18.35546476,1.958,buy
12/11/2008,PVADX,DIVIDEND,192.76,10.721,17.97966608,10.721,buy
12/5/2008,FIGRX,DIVIDEND,24.02,1.133,21.20035305,1.133,buy
12/1/2008,NYVTX,DIVIDEND,15.11,0.711,21.25175809,0.711,buy
12/11/2013,FSEVX,Exchanges,-45.74,-0.879,52.03640501,0.879,sell
12/11/2013,FUSVX,Exchanges,-50.74,-0.8,63.425,0.8,sell
12/11/2013,ORIYX,Exchanges,-210.16,-5.548,37.88031723,5.548,sell
12/11/2013,GGOIX,Exchanges,-101.45,-3.459,29.32928592,3.459,sell
12/11/2013,FRESX,Exchanges,985.16,31.137,31.63952854,31.137,sell
12/11/2013,FIGRX,Exchanges,-155.29,-4.017,38.65820264,4.017,sell
12/11/2013,FFFFX,Exchanges,39.15,4.125,9.490909091,4.125,sell
12/11/2013,FCNTX,Exchanges,-276.97,-2.787,99.37926085,2.787,sell
12/11/2013,DODGX,Exchanges,-169.91,-1.049,161.9733079,1.049,sell
12/11/2013,RMCVX,Exchanges,91.46,8.33,10.97959184,8.33,sell
12/11/2013,PVADX,Exchanges,-105.51,-2.943,35.85117227,2.943,sell
7/29/2013,FSEVX,Exchanges,-75.13,-1.543,48.69086196,1.543,sell
7/29/2013,FUSVX,Exchanges,12.84,0.215,59.72093023,0.215,sell
7/29/2013,ORIYX,Exchanges,-18.15,-0.502,36.15537849,0.502,sell
7/29/2013,GGOIX,Exchanges,-59.92,-2.07,28.9468599,2.07,sell
7/29/2013,FRESX,Exchanges,-14.65,-0.422,34.71563981,0.422,sell
7/29/2013,FIGRX,Exchanges,189.36,5.189,36.49258046,5.189,sell
7/29/2013,FFFFX,Exchanges,111.4,12.405,8.980249899,12.405,sell
7/29/2013,FCNTX,Exchanges,-10.62,-0.118,90,0.118,sell
7/29/2013,DODGX,Exchanges,-55.74,-0.374,149.0374332,0.374,sell
7/29/2013,RMCVX,Exchanges,-42.97,-4.062,10.57853274,4.062,sell
7/29/2013,PVADX,Exchanges,-36.42,-1.084,33.59778598,1.084,sell
6/13/2013,FSEVX,Exchanges,-63.36,-1.367,46.34967081,1.367,sell
6/13/2013,FUSVX,Exchanges,-102.99,-1.769,58.21933296,1.769,sell
6/13/2013,ORIYX,Exchanges,-213.15,-6.148,34.66981132,6.148,sell
6/13/2013,GGOIX,Exchanges,16.31,0.59,27.6440678,0.59,sell
6/13/2013,FRESX,Exchanges,659.66,19.375,34.04696774,19.375,sell
6/13/2013,FIGRX,Exchanges,250,7.025,35.58718861,7.025,sell
6/13/2013,FFFFX,Exchanges,25.27,2.875,8.789565217,2.875,sell
6/13/2013,FCNTX,Exchanges,-11.45,-0.132,86.74242424,0.132,sell
6/13/2013,DODGX,Exchanges,-176.12,-1.225,143.7714286,1.225,sell
6/13/2013,RMCVX,Exchanges,-172.21,-16.916,10.18030267,16.916,sell
6/13/2013,PVADX,Exchanges,-211.96,-6.536,32.42962056,6.536,sell
5/3/2013,FUSVX,Exchanges,-86.74,-1.515,57.25412541,1.515,sell
5/3/2013,ORIYX,Exchanges,129.1,3.891,33.17913133,3.891,sell
5/3/2013,GGOIX,Exchanges,17.53,0.635,27.60629921,0.635,sell
5/3/2013,FRESX,Exchanges,-271.52,-7.372,36.83125339,7.372,sell
5/3/2013,FIGRX,Exchanges,-104.12,-2.83,36.79151943,2.83,sell
5/3/2013,FFFFX,Exchanges,121.07,13.711,8.830136387,13.711,sell
5/3/2013,FCNTX,Exchanges,-8.48,-0.098,86.53061224,0.098,sell
5/3/2013,DODGX,Exchanges,-49.73,-0.356,139.6910112,0.356,sell
5/3/2013,RMCVX,Exchanges,26.64,2.707,9.841152567,2.707,sell
5/3/2013,PVADX,Exchanges,226.25,7.113,31.80795726,7.113,sell
5/1/2013,FCNTX,Exchanges,"5,905.24",69.637,84.80032167,69.637,sell
5/1/2013,DODGX,Exchanges,"5,952.43",43.477,136.9098604,43.477,sell
5/1/2013,NYVTX,Exchanges,"-5,952.43",-151.693,39.23997811,151.693,sell
5/1/2013,RBGLX,Exchanges,"-5,905.24",-417.626,14.14002002,417.626,sell
2/5/2013,FSEVX,Exchanges,"1,299.63",30.239,42.97860379,30.239,sell
2/5/2013,FUSVX,Exchanges,"2,014.47",37.597,53.58060484,37.597,sell
2/5/2013,ORIYX,Exchanges,-21.75,-0.677,32.12703102,0.677,sell
2/5/2013,GGOIX,Exchanges,"1,333.21",50.827,26.23035001,50.827,sell
2/5/2013,FRESX,Exchanges,43.66,1.306,33.43032159,1.306,sell
2/5/2013,FIGRX,Exchanges,148.29,4.341,34.16033172,4.341,sell
2/5/2013,FFFFX,Exchanges,92.84,10.795,8.600277906,10.795,sell
2/5/2013,NYVTX,Exchanges,"-2,412.98",-64.57,37.36998606,64.57,sell
2/5/2013,RMCVX,Exchanges,-112.54,-12.127,9.280118743,12.127,sell
2/5/2013,PVADX,Exchanges,-119.18,-3.914,30.44966786,3.914,sell
2/5/2013,RBGLX,Exchanges,"-2,265.65",-166.715,13.58995891,166.715,sell
12/24/2012,FSEVX,Exchanges,-19.56,-0.492,39.75609756,0.492,sell
12/24/2012,FUSVX,Exchanges,"4,386.82",86.885,50.48995799,86.885,sell
12/24/2012,ORIYX,Exchanges,57.8,1.925,30.02597403,1.925,sell
12/24/2012,GGOIX,Exchanges,-5.29,-0.215,24.60465116,0.215,sell
12/24/2012,FRESX,Exchanges,-324.94,-10.129,32.08016586,10.129,sell
12/24/2012,FIGRX,Exchanges,-394.03,-12.024,32.77029275,12.024,sell
12/24/2012,FFFFX,Exchanges,6.86,0.819,8.376068376,0.819,sell
12/24/2012,NYVTX,Exchanges,"-1,152.32",-33.122,34.79016968,33.122,sell
12/24/2012,RMCVX,Exchanges,-34.95,-4.112,8.499513619,4.112,sell
12/24/2012,PVADX,Exchanges,51.97,1.837,28.29069134,1.837,sell
12/24/2012,RBGLX,Exchanges,"-2,572.36",-199.872,12.87003682,199.872,sell
11/15/2012,ORIYX,Exchanges,"3,494.47",119.796,29.17017263,119.796,sell
11/15/2012,FCPGX,Exchanges,"-3,494.47",-227.801,15.34001168,227.801,sell
8/15/2012,FSEVX,Exchanges,"-1,794.63",-46.111,38.91978053,46.111,sell
8/15/2012,FSEVX,Exchanges,"1,794.63",46.099,38.92991171,46.099,sell
3/5/2012,FSEVX,Exchanges,-3.31,-0.084,39.4047619,0.084,sell
3/5/2012,GGOIX,Exchanges,-28.18,-1.131,24.91600354,1.131,sell
3/5/2012,FRESX,Exchanges,76.23,2.573,29.62689468,2.573,sell
3/5/2012,FIGRX,Exchanges,-162.78,-5.332,30.52888222,5.332,sell
3/5/2012,FFFFX,Exchanges,-27.87,-3.475,8.020143885,3.475,sell
3/5/2012,NYVTX,Exchanges,100.9,2.849,35.41593542,2.849,sell
3/5/2012,RMCVX,Exchanges,-24.52,-3.057,8.020935558,3.057,sell
3/5/2012,PVADX,Exchanges,145.3,4.925,29.50253807,4.925,sell
3/5/2012,RBGLX,Exchanges,-75.77,-5.291,14.32054432,5.291,sell
1/20/2012,FSEVX,Exchanges,-24.03,-0.638,37.6645768,0.638,sell
1/20/2012,GGOIX,Exchanges,-18.71,-0.798,23.44611529,0.798,sell
1/20/2012,FCPGX,Exchanges,-3.07,-0.196,15.66326531,0.196,sell
1/20/2012,FRESX,Exchanges,-122.69,-4.272,28.71956929,4.272,sell
1/20/2012,FIGRX,Exchanges,113.77,3.955,28.76611884,3.955,sell
1/20/2012,FFFFX,Exchanges,81.96,10.7,7.659813084,10.7,sell
1/20/2012,NYVTX,Exchanges,-56.21,-1.639,34.29530201,1.639,sell
1/20/2012,RMCVX,Exchanges,-37.94,-4.96,7.649193548,4.96,sell
1/20/2012,PVADX,Exchanges,18.27,0.636,28.72641509,0.636,sell
1/20/2012,RBGLX,Exchanges,48.65,3.58,13.58938547,3.58,sell
12/14/2011,FSEVX,Exchanges,-19.09,-0.551,34.646098,0.551,sell
12/14/2011,GGOIX,Exchanges,-29.86,-1.405,21.25266904,1.405,sell
12/14/2011,FCPGX,Exchanges,-15.45,-1.085,14.23963134,1.085,sell
12/14/2011,FRESX,Exchanges,-43.45,-1.666,26.08043217,1.666,sell
12/14/2011,FIGRX,Exchanges,250.85,9.42,26.62951168,9.42,sell
12/14/2011,FFFFX,Exchanges,-2.76,-0.374,7.379679144,0.374,sell
12/14/2011,NYVTX,Exchanges,-47.97,-1.524,31.47637795,1.524,sell
12/14/2011,RMCVX,Exchanges,4.08,0.587,6.950596252,0.587,sell
12/14/2011,PVADX,Exchanges,-65.95,-2.387,27.62882279,2.387,sell
12/14/2011,RBGLX,Exchanges,-30.4,-2.424,12.54125413,2.424,sell
10/24/2011,FSEVX,Exchanges,44.1,1.214,36.3261944,1.214,sell
10/24/2011,GGOIX,Exchanges,-17.52,-0.747,23.45381526,0.747,sell
10/24/2011,FCPGX,Exchanges,71.55,4.692,15.24936061,4.692,sell
10/24/2011,FRESX,Exchanges,-177.6,-6.637,26.7590779,6.637,sell
10/24/2011,FIGRX,Exchanges,373.75,12.636,29.5781893,12.636,sell
10/24/2011,FFFFX,Exchanges,-48.06,-6.24,7.701923077,6.24,sell
10/24/2011,NYVTX,Exchanges,6.66,0.204,32.64705882,0.204,sell
10/24/2011,RMCVX,Exchanges,198.06,26.984,7.339905129,26.984,sell
10/24/2011,PVADX,Exchanges,-198.8,-6.898,28.81994781,6.898,sell
10/24/2011,RBGLX,Exchanges,-252.14,-19.073,13.2197347,19.073,sell
9/1/2011,GGOIX,Exchanges,"1,355.14",60.47,22.41012072,60.47,sell
9/1/2011,MCMYX,Exchanges,"-1,355.14",-57.348,23.63011788,57.348,sell
5/11/2011,FSEVX,Exchanges,2.22,0.054,41.11111111,0.054,sell
5/11/2011,FCPGX,Exchanges,-146.33,-8.434,17.35001186,8.434,sell
5/11/2011,FRESX,Exchanges,-189.58,-6.659,28.4697402,6.659,sell
5/11/2011,FIGRX,Exchanges,115.27,3.358,34.32698035,3.358,sell
5/11/2011,FFFFX,Exchanges,60.19,7.131,8.440611415,7.131,sell
5/11/2011,NYVTX,Exchanges,109.82,3.044,36.07752957,3.044,sell
5/11/2011,RMCVX,Exchanges,-66.77,-7.783,8.578954131,7.783,sell
5/11/2011,MCMYX,Exchanges,416.5,15.508,26.85710601,15.508,sell
5/11/2011,PVADX,Exchanges,-150.86,-4.9,30.7877551,4.9,sell
5/11/2011,RBGLX,Exchanges,-150.46,-10.701,14.06036819,10.701,sell
1/25/2011,FSEVX,Exchanges,"1,286.54",33.409,38.50878506,33.409,sell
1/25/2011,FCPGX,Exchanges,390.18,24.963,15.63033289,24.963,sell
1/25/2011,FRESX,Exchanges,153.7,5.882,26.13056783,5.882,sell
1/25/2011,FIGRX,Exchanges,-198.03,-5.954,33.25999328,5.954,sell
1/25/2011,FFFFX,Exchanges,10.23,1.256,8.144904459,1.256,sell
1/25/2011,NYVTX,Exchanges,-327.64,-9.385,34.91102824,9.385,sell
1/25/2011,RMCVX,Exchanges,"-1,391.53",-174.596,7.969999313,174.596,sell
1/25/2011,MCMYX,Exchanges,857.79,35.012,24.49988575,35.012,sell
1/25/2011,PVADX,Exchanges,39.27,1.366,28.74816984,1.366,sell
1/25/2011,RBGLX,Exchanges,-820.51,-58.903,13.92985077,58.903,sell
6/11/2010,FCPGX,Exchanges,-22.23,-1.722,12.90940767,1.722,sell
6/11/2010,FRESX,Exchanges,-382.19,-16.814,22.73046271,16.814,sell
6/11/2010,FIGRX,Exchanges,255.69,9.439,27.08867465,9.439,sell
6/11/2010,FFFFX,Exchanges,47.99,6.915,6.939985539,6.915,sell
6/11/2010,NYVTX,Exchanges,90.94,3.028,30.0330251,3.028,sell
6/11/2010,RMCVX,Exchanges,27.08,4.154,6.519017814,4.154,sell
6/11/2010,PVADX,Exchanges,-147.89,-6.034,24.50944647,6.034,sell
6/11/2010,RBGLX,Exchanges,130.61,11.134,11.73073469,11.134,sell
2/19/2010,FCPGX,Exchanges,-46.24,-3.673,12.58916417,3.673,sell
2/19/2010,FRESX,Exchanges,-42.49,-2.118,20.06137866,2.118,sell
2/19/2010,FIGRX,Exchanges,214.45,7.453,28.7736482,7.453,sell
2/19/2010,FFFFX,Exchanges,30.43,4.292,7.089934762,4.292,sell
2/19/2010,NYVTX,Exchanges,-4.82,-0.157,30.70063694,0.157,sell
2/19/2010,RMCVX,Exchanges,-75.39,-11.474,6.570507234,11.474,sell
2/19/2010,PVADX,Exchanges,-107.96,-4.565,23.64950712,4.565,sell
2/19/2010,RBGLX,Exchanges,32.02,2.672,11.98353293,2.672,sell
12/9/2009,FCPGX,Exchanges,21.88,1.853,11.80787911,1.853,sell
12/9/2009,FRESX,Exchanges,-74.43,-3.861,19.27738928,3.861,sell
12/9/2009,FIGRX,Exchanges,35.96,1.208,29.76821192,1.208,sell
12/9/2009,FFFFX,Exchanges,9.83,1.369,7.180423667,1.369,sell
12/9/2009,NYVTX,Exchanges,18.57,0.621,29.90338164,0.621,sell
12/9/2009,RMCVX,Exchanges,31.44,4.983,6.309452137,4.983,sell
12/9/2009,PVADX,Exchanges,24.8,1.083,22.89935365,1.083,sell
12/9/2009,RBGLX,Exchanges,-68.05,-5.747,11.8409605,5.747,sell
12/1/2009,FBGRX,Exchanges,"-4,909.81",-133.564,36.75998023,133.564,sell
12/1/2009,RBGLX,Exchanges,"4,909.81",410.519,11.96000672,410.519,sell
10/9/2009,FCPGX,Exchanges,-249.69,-20.739,12.03963547,20.739,sell
10/9/2009,FRESX,Exchanges,473.68,25.413,18.63927911,25.413,sell
10/9/2009,FIGRX,Exchanges,-633.97,-21.062,30.10018042,21.062,sell
10/9/2009,FFFFX,Exchanges,200.3,28.171,7.110148735,28.171,sell
10/9/2009,FBGRX,Exchanges,-453.3,-12.787,35.45006647,12.787,sell
10/9/2009,NYVTX,Exchanges,754.46,25.292,29.82998577,25.292,sell
10/9/2009,RMCVX,Exchanges,283.25,44.817,6.320146373,44.817,sell
10/9/2009,PVADX,Exchanges,-374.73,-16.493,22.72054811,16.493,sell
10/13/2008,FRESX,Interest,6.45,0.313,20.60702875,0.313,buy
6/2/2014,RMCVX,RECORDKEEPING FEE,-2.87,-0.264,10.87121212,0.264,sell
3/3/2014,RMCVX,RECORDKEEPING FEE,-2.87,-0.267,10.74906367,0.267,sell
12/2/2013,RMCVX,RECORDKEEPING FEE,-2.87,-0.258,11.12403101,0.258,sell
9/3/2013,RMCVX,RECORDKEEPING FEE,-2.87,-0.278,10.32374101,0.278,sell
6/3/2013,RMCVX,RECORDKEEPING FEE,-2.87,-0.283,10.14134276,0.283,sell
3/1/2013,RMCVX,RECORDKEEPING FEE,-2.87,-0.309,9.28802589,0.309,sell
12/3/2012,RMCVX,RECORDKEEPING FEE,-2.87,-0.347,8.270893372,0.347,sell
9/4/2012,RMCVX,RECORDKEEPING FEE,-2.87,-0.357,8.039215686,0.357,sell
6/1/2012,RMCVX,RECORDKEEPING FEE,-2.87,-0.388,7.396907216,0.388,sell
3/1/2012,RMCVX,RECORDKEEPING FEE,-2.87,-0.352,8.153409091,0.352,sell
12/1/2011,RMCVX,RECORDKEEPING FEE,-2.87,-0.394,7.284263959,0.394,sell
9/1/2011,RMCVX,RECORDKEEPING FEE,-2.87,-0.401,7.157107232,0.401,sell
6/1/2011,RMCVX,RECORDKEEPING FEE,-2.87,-0.341,8.416422287,0.341,sell
3/1/2011,RMCVX,RECORDKEEPING FEE,-2.87,-0.355,8.084507042,0.355,sell
12/29/2010,RMCVX,RECORDKEEPING FEE,-5.74,-0.726,7.906336088,0.726,sell
6/30/2014,RMCVX,TRUSTEE FEE,-1.21,-0.107,11.30841121,0.107,sell
4/3/2014,RMCVX,TRUSTEE FEE,-1.2,-0.109,11.00917431,0.109,sell
12/26/2013,RMCVX,TRUSTEE FEE,-1.2,-0.114,10.52631579,0.114,sell
9/30/2013,RMCVX,TRUSTEE FEE,-1.22,-0.115,10.60869565,0.115,sell
7/12/2013,RMCVX,TRUSTEE FEE,-1.26,-0.12,10.5,0.12,sell
4/11/2013,RMCVX,TRUSTEE FEE,-1.27,-0.131,9.694656489,0.131,sell
1/3/2013,RMCVX,TRUSTEE FEE,-2.69,-0.308,8.733766234,0.308,sell
9/21/2012,RMCVX,TRUSTEE FEE,-2.92,-0.353,8.271954674,0.353,sell
6/21/2012,RMCVX,TRUSTEE FEE,-3.22,-0.425,7.576470588,0.425,sell
3/13/2012,RMCVX,TRUSTEE FEE,-3.34,-0.406,8.226600985,0.406,sell
12/19/2011,RMCVX,TRUSTEE FEE,-3.47,-0.502,6.912350598,0.502,sell
9/21/2011,RMCVX,TRUSTEE FEE,-3.18,-0.47,6.765957447,0.47,sell
6/13/2011,RMCVX,TRUSTEE FEE,-3.1,-0.387,8.010335917,0.387,sell
3/14/2011,RMCVX,TRUSTEE FEE,-3.04,-0.375,8.106666667,0.375,sell
12/29/2010,RMCVX,TRUSTEE FEE,-6.24,-0.788,7.918781726,0.788,sell